{"version": "1", "message": "ERROR: Hidden Testcases server unreachable.", "problem_id": "ads2_m2_a1_1", "user_id": "saikiranmaivemula1005", "score": {"sample": {"0": {"execution_time": 0.23215103149414062, "passed": false}, "1": {"execution_time": 0.19185495376586914, "passed": false}, "2": {"execution_time": 0.20868444442749023, "passed": true}, "3": {"execution_time": 0.1951148509979248, "passed": false}, "4": {"execution_time": 0.2045292854309082, "passed": true}, "5": {"execution_time": 0.19054436683654785, "passed": false}, "6": {"execution_time": 0.17693471908569336, "passed": true}, "7": {"execution_time": 0.2006847858428955, "passed": true}, "8": {"execution_time": 0.2270505428314209, "passed": true}, "9": {"execution_time": 0.1827085018157959, "passed": true}, "10": {"execution_time": 0.21482157707214355, "passed": true}, "11": {"execution_time": 0.1717839241027832, "passed": true}, "12": {"execution_time": 0.18067598342895508, "passed": true}, "13": {"execution_time": 0.2119274139404297, "passed": false}, "14": {"execution_time": 0.1872997283935547, "passed": true}, "15": {"execution_time": 0.20986557006835938, "passed": false}, "16": {"execution_time": 0.2151782512664795, "passed": true}, "17": {"execution_time": 0.23113608360290527, "passed": true}, "18": {"execution_time": 0.19155335426330566, "passed": true}, "19": {"execution_time": 0.22439837455749512, "passed": true}, "20": {"execution_time": 0.23665428161621094, "passed": true}, "21": {"execution_time": 0.2080676555633545, "passed": true}, "22": {"execution_time": 0.24437475204467773, "passed": true}, "23": {"execution_time": 0.23280763626098633, "passed": true}}}, "check_style_score": "0/1"}