{"version": "1", "message": "ERROR: Hidden Testcases server unreachable.", "problem_id": "ads2_m2_a1_1", "user_id": "saikiranmaivemula1005", "score": {"sample": {"0": {"execution_time": 0.19616150856018066, "passed": true}, "1": {"execution_time": 0.1582317352294922, "passed": true}, "2": {"execution_time": 0.22724127769470215, "passed": true}, "3": {"execution_time": 0.3710331916809082, "passed": true}, "4": {"execution_time": 0.35029125213623047, "passed": true}, "5": {"execution_time": 0.3401336669921875, "passed": true}, "6": {"execution_time": 0.39377427101135254, "passed": true}, "7": {"execution_time": 0.33943915367126465, "passed": true}, "8": {"execution_time": 0.3216056823730469, "passed": true}, "9": {"execution_time": 0.2539491653442383, "passed": true}, "10": {"execution_time": 0.27788686752319336, "passed": true}, "11": {"execution_time": 0.28150367736816406, "passed": true}, "12": {"execution_time": 0.3321263790130615, "passed": true}, "13": {"execution_time": 0.3061847686767578, "passed": true}, "14": {"execution_time": 0.9087119102478027, "passed": true}, "15": {"execution_time": 0.6381814479827881, "passed": true}, "16": {"execution_time": 1.158348560333252, "passed": true}, "17": {"execution_time": 0.5353000164031982, "passed": true}, "18": {"execution_time": 0.5836284160614014, "passed": true}, "19": {"execution_time": 0.443925142288208, "passed": true}, "20": {"execution_time": 0.2766716480255127, "passed": true}, "21": {"execution_time": 0.21919012069702148, "passed": true}, "22": {"execution_time": 0.4231400489807129, "passed": true}, "23": {"execution_time": 0.523179292678833, "passed": true}}}, "check_style_score": "0/1"}