{"version": "1", "message": "ERROR: Hidden Testcases server unreachable.", "problem_id": "ads2_m2_a1_1", "user_id": "saikiranmaivemula1005", "score": {"sample": {"0": {"execution_time": 0.16941428184509277, "passed": false}, "1": {"execution_time": 0.16677165031433105, "passed": false}, "2": {"execution_time": 0.1838974952697754, "passed": false}, "3": {"execution_time": 0.1655712127685547, "passed": false}, "4": {"execution_time": 0.19727253913879395, "passed": false}, "5": {"execution_time": 0.20026040077209473, "passed": false}, "6": {"execution_time": 0.1661241054534912, "passed": false}, "7": {"execution_time": 0.18372678756713867, "passed": false}, "8": {"execution_time": 0.22183561325073242, "passed": false}, "9": {"execution_time": 0.1689925193786621, "passed": false}, "10": {"execution_time": 0.1634387969970703, "passed": false}, "11": {"execution_time": 0.22545886039733887, "passed": false}, "12": {"execution_time": 0.23897862434387207, "passed": false}, "13": {"execution_time": 0.18062233924865723, "passed": false}, "14": {"execution_time": 0.21791815757751465, "passed": false}, "15": {"execution_time": 0.1743299961090088, "passed": false}, "16": {"execution_time": 0.15921902656555176, "passed": false}, "17": {"execution_time": 0.1772143840789795, "passed": false}, "18": {"execution_time": 0.15825963020324707, "passed": false}, "19": {"execution_time": 0.22126150131225586, "passed": false}, "20": {"execution_time": 0.18974971771240234, "passed": false}, "21": {"execution_time": 0.19340801239013672, "passed": false}, "22": {"execution_time": 0.1857466697692871, "passed": false}, "23": {"execution_time": 0.18173480033874512, "passed": false}}}, "check_style_score": "0/1"}