{"version": "1", "message": "ERROR: Hidden Testcases server unreachable.", "problem_id": "ads2_m2_a1_1", "user_id": "saikiranmaivemula1005", "score": {"sample": {"0": {"execution_time": 0.20224452018737793, "passed": false}, "1": {"execution_time": 0.21350622177124023, "passed": false}, "2": {"execution_time": 0.20133376121520996, "passed": false}, "3": {"execution_time": 0.17142009735107422, "passed": false}, "4": {"execution_time": 0.1862657070159912, "passed": false}, "5": {"execution_time": 0.22167515754699707, "passed": false}, "6": {"execution_time": 0.1836864948272705, "passed": false}, "7": {"execution_time": 0.21802425384521484, "passed": false}, "8": {"execution_time": 0.1943068504333496, "passed": false}, "9": {"execution_time": 0.17680644989013672, "passed": false}, "10": {"execution_time": 0.21810698509216309, "passed": false}, "11": {"execution_time": 0.17697405815124512, "passed": false}, "12": {"execution_time": 0.19411468505859375, "passed": false}, "13": {"execution_time": 0.19225192070007324, "passed": false}, "14": {"execution_time": 0.2008209228515625, "passed": false}, "15": {"execution_time": 0.20118021965026855, "passed": false}, "16": {"execution_time": 0.17795372009277344, "passed": false}, "17": {"execution_time": 0.17835402488708496, "passed": false}, "18": {"execution_time": 0.1910560131072998, "passed": false}, "19": {"execution_time": 0.21164536476135254, "passed": false}, "20": {"execution_time": 0.20832157135009766, "passed": false}, "21": {"execution_time": 0.19539690017700195, "passed": false}, "22": {"execution_time": 0.18086862564086914, "passed": false}, "23": {"execution_time": 0.22625303268432617, "passed": false}}}, "check_style_score": "0/1"}