{"version": "1", "message": "ERROR: Hidden Testcases server unreachable.", "problem_id": "ads2_m2_a1_1", "user_id": "saikiranmaivemula1005", "score": {"sample": {"0": {"execution_time": 0.46951866149902344, "passed": false}, "1": {"execution_time": 0.404465913772583, "passed": false}, "2": {"execution_time": 0.1949446201324463, "passed": false}, "3": {"execution_time": 0.2690157890319824, "passed": false}, "4": {"execution_time": 0.17827153205871582, "passed": false}, "5": {"execution_time": 0.19179677963256836, "passed": false}, "6": {"execution_time": 0.1808927059173584, "passed": false}, "7": {"execution_time": 0.1964097023010254, "passed": false}, "8": {"execution_time": 0.16738128662109375, "passed": false}, "9": {"execution_time": 0.2081165313720703, "passed": false}, "10": {"execution_time": 0.1925821304321289, "passed": false}, "11": {"execution_time": 0.1923520565032959, "passed": false}, "12": {"execution_time": 0.1976633071899414, "passed": false}, "13": {"execution_time": 0.18755197525024414, "passed": false}, "14": {"execution_time": 0.19957494735717773, "passed": false}, "15": {"execution_time": 0.21641016006469727, "passed": false}, "16": {"execution_time": 0.24773740768432617, "passed": false}, "17": {"execution_time": 0.2170090675354004, "passed": false}, "18": {"execution_time": 0.20415329933166504, "passed": false}, "19": {"execution_time": 0.1630566120147705, "passed": false}, "20": {"execution_time": 0.19089365005493164, "passed": false}, "21": {"execution_time": 0.19817662239074707, "passed": false}, "22": {"execution_time": 0.18191266059875488, "passed": false}, "23": {"execution_time": 0.19386816024780273, "passed": false}}}, "check_style_score": "0/1"}