{"version": "1", "message": "ERROR: Hidden Testcases server unreachable.", "problem_id": "ads2_m2_a1_1", "user_id": "saikiranmaivemula1005", "score": {"sample": {"0": {"execution_time": 0.3992807865142822, "passed": true}, "1": {"execution_time": 0.24500060081481934, "passed": true}, "2": {"execution_time": 0.4058370590209961, "passed": true}, "3": {"execution_time": 0.40334534645080566, "passed": true}, "4": {"execution_time": 0.6388025283813477, "passed": true}, "5": {"execution_time": 0.41864895820617676, "passed": true}, "6": {"execution_time": 0.3698604106903076, "passed": true}, "7": {"execution_time": 0.2871685028076172, "passed": true}, "8": {"execution_time": 0.9240536689758301, "passed": true}, "9": {"execution_time": 0.6131048202514648, "passed": true}, "10": {"execution_time": 0.85589599609375, "passed": true}, "11": {"execution_time": 0.35552310943603516, "passed": true}, "12": {"execution_time": 0.8911652565002441, "passed": true}, "13": {"execution_time": 1.2432193756103516, "passed": true}, "14": {"execution_time": 1.1747848987579346, "passed": true}, "15": {"execution_time": 0.5720560550689697, "passed": true}, "16": {"execution_time": 1.2960715293884277, "passed": true}, "17": {"execution_time": 0.7034709453582764, "passed": true}, "18": {"execution_time": 0.5104305744171143, "passed": true}, "19": {"execution_time": 0.4662363529205322, "passed": true}, "20": {"execution_time": 0.4164900779724121, "passed": true}, "21": {"execution_time": 0.2977616786956787, "passed": true}, "22": {"execution_time": 0.3840200901031494, "passed": true}, "23": {"execution_time": 0.3523216247558594, "passed": true}}}, "check_style_score": "1/1"}