{"version": "1", "message": "ERROR: Hidden Testcases server unreachable.", "problem_id": "ads2_m2_a1_1", "user_id": "saikiranmaivemula1005", "score": {"sample": {"0": {"execution_time": 0.14705824851989746, "passed": false}, "1": {"execution_time": 0.1713871955871582, "passed": false}, "2": {"execution_time": 0.1586148738861084, "passed": false}, "3": {"execution_time": 0.13849282264709473, "passed": false}, "4": {"execution_time": 0.151824951171875, "passed": false}, "5": {"execution_time": 0.1481177806854248, "passed": false}, "6": {"execution_time": 0.12545037269592285, "passed": false}, "7": {"execution_time": 0.16473650932312012, "passed": false}, "8": {"execution_time": 0.1308116912841797, "passed": false}, "9": {"execution_time": 0.12597942352294922, "passed": false}, "10": {"execution_time": 0.13710570335388184, "passed": false}, "11": {"execution_time": 0.14716601371765137, "passed": false}, "12": {"execution_time": 0.1244206428527832, "passed": false}, "13": {"execution_time": 0.17723798751831055, "passed": false}, "14": {"execution_time": 0.12768030166625977, "passed": false}, "15": {"execution_time": 0.12836456298828125, "passed": false}, "16": {"execution_time": 0.1744542121887207, "passed": false}, "17": {"execution_time": 0.15548348426818848, "passed": false}, "18": {"execution_time": 0.12534737586975098, "passed": false}, "19": {"execution_time": 0.17608380317687988, "passed": false}, "20": {"execution_time": 0.1640911102294922, "passed": false}, "21": {"execution_time": 0.12474322319030762, "passed": false}, "22": {"execution_time": 0.14786791801452637, "passed": false}, "23": {"execution_time": 0.1817641258239746, "passed": false}}}, "check_style_score": "0/1"}