{"version": "1", "message": "ERROR: Hidden Testcases server unreachable.", "problem_id": "ads2_m6_a1_1", "user_id": "saikiranmaivemula1005", "score": {"sample": {"0": {"execution_time": 0.1963813304901123, "passed": false}, "1": {"execution_time": 0.1812596321105957, "passed": false}, "2": {"execution_time": 0.18045473098754883, "passed": false}, "3": {"execution_time": 0.21118545532226562, "passed": false}, "4": {"execution_time": 0.18205761909484863, "passed": false}, "5": {"execution_time": 0.2013721466064453, "passed": false}, "6": {"execution_time": 0.1983931064605713, "passed": false}, "7": {"execution_time": 0.20868730545043945, "passed": false}, "8": {"execution_time": 0.17745614051818848, "passed": false}, "9": {"execution_time": 0.19571995735168457, "passed": false}, "10": {"execution_time": 0.2113630771636963, "passed": false}, "11": {"execution_time": 0.2005748748779297, "passed": false}}}, "check_style_score": "0/1"}