{"version": "1", "message": "ERROR: Hidden Testcases server unreachable.", "problem_id": "ads2_m6_a1_1", "user_id": "saikiranmaivemula1005", "score": {"sample": {"0": {"execution_time": 0.28723573684692383, "passed": false}, "1": {"execution_time": 0.35840821266174316, "passed": false}, "2": {"execution_time": 0.3719336986541748, "passed": false}, "3": {"execution_time": 0.3048982620239258, "passed": false}, "4": {"execution_time": 0.37531089782714844, "passed": false}, "5": {"execution_time": 0.4443793296813965, "passed": false}, "6": {"execution_time": 0.4983711242675781, "passed": true}, "7": {"execution_time": 0.5216476917266846, "passed": false}, "8": {"execution_time": 0.38109683990478516, "passed": true}, "9": {"execution_time": 0.3803846836090088, "passed": false}, "10": {"execution_time": 0.3397221565246582, "passed": true}, "11": {"execution_time": 0.3239781856536865, "passed": false}}}, "check_style_score": "0/1"}