{"version": "1", "message": "ERROR: Hidden Testcases server unreachable.", "problem_id": "ads2_m6_a1_1", "user_id": "saikiranmaivemula1005", "score": {"sample": {"0": {"execution_time": 0.1763615608215332, "passed": false}, "1": {"execution_time": 0.23567485809326172, "passed": false}, "2": {"execution_time": 0.21875452995300293, "passed": false}, "3": {"execution_time": 0.1842327117919922, "passed": false}, "4": {"execution_time": 0.1873946189880371, "passed": false}, "5": {"execution_time": 0.22716712951660156, "passed": false}, "6": {"execution_time": 0.1970081329345703, "passed": false}, "7": {"execution_time": 0.21222543716430664, "passed": false}, "8": {"execution_time": 0.21256303787231445, "passed": false}, "9": {"execution_time": 0.19085001945495605, "passed": false}, "10": {"execution_time": 0.19367575645446777, "passed": false}, "11": {"execution_time": 0.19303321838378906, "passed": false}}}, "check_style_score": "0/1"}