{"version": "1", "message": "ERROR: Hidden Testcases server unreachable.", "problem_id": "ads2_m6_a1_1", "user_id": "saikiranmaivemula1005", "score": {"sample": {"0": {"execution_time": 0.3789994716644287, "passed": false}, "1": {"execution_time": 0.3770253658294678, "passed": false}, "2": {"execution_time": 0.4108448028564453, "passed": false}, "3": {"execution_time": 0.4675140380859375, "passed": false}, "4": {"execution_time": 0.49866390228271484, "passed": false}, "5": {"execution_time": 0.5079710483551025, "passed": false}, "6": {"execution_time": 0.5090336799621582, "passed": false}, "7": {"execution_time": 0.5022664070129395, "passed": false}, "8": {"execution_time": 0.32576918601989746, "passed": false}, "9": {"execution_time": 0.3485097885131836, "passed": false}, "10": {"execution_time": 0.3615989685058594, "passed": false}, "11": {"execution_time": 0.32628679275512695, "passed": false}}}, "check_style_score": "0/1"}