{"version": "1", "message": "ERROR: Hidden Testcases server unreachable.", "problem_id": "ads2_m6_a1_1", "user_id": "saikiranmaivemula1005", "score": {"sample": {"0": {"execution_time": 0.16855239868164062, "passed": false}, "1": {"execution_time": 0.18690991401672363, "passed": false}, "2": {"execution_time": 0.15538549423217773, "passed": false}, "3": {"execution_time": 0.20425701141357422, "passed": false}, "4": {"execution_time": 0.16472744941711426, "passed": false}, "5": {"execution_time": 0.14919424057006836, "passed": false}, "6": {"execution_time": 0.19017982482910156, "passed": false}, "7": {"execution_time": 0.18754863739013672, "passed": false}, "8": {"execution_time": 0.1676797866821289, "passed": false}, "9": {"execution_time": 0.19182991981506348, "passed": false}, "10": {"execution_time": 0.18116450309753418, "passed": false}, "11": {"execution_time": 0.18767762184143066, "passed": false}}}, "check_style_score": "0/1"}