{"version": "1", "message": "ERROR: Hidden Testcases server unreachable.", "problem_id": "ads2_m6_a1_1", "user_id": "saikiranmaivemula1005", "score": {"sample": {"0": {"execution_time": 0.17728042602539062, "passed": false}, "1": {"execution_time": 0.23094487190246582, "passed": false}, "2": {"execution_time": 0.21719813346862793, "passed": false}, "3": {"execution_time": 0.20996928215026855, "passed": false}, "4": {"execution_time": 0.2373037338256836, "passed": false}, "5": {"execution_time": 0.18069195747375488, "passed": false}, "6": {"execution_time": 0.8529050350189209, "passed": false}, "7": {"execution_time": 0.22675657272338867, "passed": false}, "8": {"execution_time": 0.22411012649536133, "passed": false}, "9": {"execution_time": 0.21178793907165527, "passed": false}, "10": {"execution_time": 0.21663999557495117, "passed": false}, "11": {"execution_time": 0.2005903720855713, "passed": false}}}, "check_style_score": "0/1"}