{"version": "1", "message": "ERROR: Hidden Testcases server unreachable.", "problem_id": "ads2_m6_a1_1", "user_id": "saikiranmaivemula1005", "score": {"sample": {"0": {"execution_time": 0.193986177444458, "passed": false}, "1": {"execution_time": 0.21378803253173828, "passed": false}, "2": {"execution_time": 0.20104670524597168, "passed": false}, "3": {"execution_time": 0.21993374824523926, "passed": false}, "4": {"execution_time": 0.18596959114074707, "passed": false}, "5": {"execution_time": 0.2293720245361328, "passed": false}, "6": {"execution_time": 0.23948192596435547, "passed": false}, "7": {"execution_time": 0.22205090522766113, "passed": false}, "8": {"execution_time": 0.20661044120788574, "passed": false}, "9": {"execution_time": 0.1965794563293457, "passed": false}, "10": {"execution_time": 0.19352483749389648, "passed": false}, "11": {"execution_time": 0.2344343662261963, "passed": false}}}, "check_style_score": "0/1"}