{"version": "1", "message": "ERROR: Hidden Testcases server unreachable.", "problem_id": "ads2_m6_a1_1", "user_id": "saikiranmaivemula1005", "score": {"sample": {"0": {"execution_time": 0.20752191543579102, "passed": false}, "1": {"execution_time": 0.29442524909973145, "passed": false}, "2": {"execution_time": 0.24657988548278809, "passed": false}, "3": {"execution_time": 0.21387743949890137, "passed": false}, "4": {"execution_time": 0.22348952293395996, "passed": false}, "5": {"execution_time": 0.23392701148986816, "passed": false}, "6": {"execution_time": 0.22086215019226074, "passed": false}, "7": {"execution_time": 0.2015528678894043, "passed": false}, "8": {"execution_time": 0.2679860591888428, "passed": false}, "9": {"execution_time": 0.20757198333740234, "passed": false}, "10": {"execution_time": 0.1967144012451172, "passed": false}, "11": {"execution_time": 0.2186441421508789, "passed": false}}}, "check_style_score": "0/1"}