{"version": "1", "message": "ERROR: Hidden Testcases server unreachable.", "problem_id": "ads2_m6_a1_1", "user_id": "saikiranmaivemula1005", "score": {"sample": {"0": {"execution_time": 0.2403256893157959, "passed": false}, "1": {"execution_time": 0.2293715476989746, "passed": false}, "2": {"execution_time": 0.23648738861083984, "passed": false}, "3": {"execution_time": 0.22483038902282715, "passed": false}, "4": {"execution_time": 0.27608489990234375, "passed": false}, "5": {"execution_time": 0.22574949264526367, "passed": false}, "6": {"execution_time": 0.2464280128479004, "passed": false}, "7": {"execution_time": 0.23137426376342773, "passed": false}, "8": {"execution_time": 0.2726151943206787, "passed": false}, "9": {"execution_time": 0.22749614715576172, "passed": false}, "10": {"execution_time": 0.23905372619628906, "passed": false}, "11": {"execution_time": 0.2414703369140625, "passed": false}}}, "check_style_score": "0/1"}