{"version": "1", "message": "ERROR: Hidden Testcases server unreachable.", "problem_id": "ads2_m6_a1_1", "user_id": "saikiranmaivemula1005", "score": {"sample": {"0": {"execution_time": 0.2003157138824463, "passed": false}, "1": {"execution_time": 0.2008988857269287, "passed": false}, "2": {"execution_time": 0.23793911933898926, "passed": false}, "3": {"execution_time": 0.2880978584289551, "passed": false}, "4": {"execution_time": 0.22260260581970215, "passed": false}, "5": {"execution_time": 0.21865320205688477, "passed": false}, "6": {"execution_time": 0.22774791717529297, "passed": false}, "7": {"execution_time": 0.2061161994934082, "passed": false}, "8": {"execution_time": 0.22610211372375488, "passed": false}, "9": {"execution_time": 0.25844717025756836, "passed": false}, "10": {"execution_time": 0.182908296585083, "passed": false}, "11": {"execution_time": 0.24100351333618164, "passed": false}}}, "check_style_score": "0/1"}