{"version": "1", "message": "ERROR: Hidden Testcases server unreachable.", "problem_id": "ads2_m6_a1_1", "user_id": "saikiranmaivemula1005", "score": {"sample": {"0": {"execution_time": 0.2234194278717041, "passed": false}, "1": {"execution_time": 0.21788406372070312, "passed": false}, "2": {"execution_time": 0.23328065872192383, "passed": false}, "3": {"execution_time": 0.2179427146911621, "passed": false}, "4": {"execution_time": 0.2481095790863037, "passed": false}, "5": {"execution_time": 0.2288670539855957, "passed": false}, "6": {"execution_time": 0.2247159481048584, "passed": false}, "7": {"execution_time": 0.21875572204589844, "passed": false}, "8": {"execution_time": 0.2178664207458496, "passed": false}, "9": {"execution_time": 0.23363137245178223, "passed": false}, "10": {"execution_time": 0.26814818382263184, "passed": false}, "11": {"execution_time": 0.22501397132873535, "passed": false}}}, "check_style_score": "0/1"}