{"version": "1", "message": "ERROR: Hidden Testcases server unreachable.", "problem_id": "ads2_m6_a1_1", "user_id": "saikiranmaivemula1005", "score": {"sample": {"0": {"execution_time": 0.3484535217285156, "passed": false}, "1": {"execution_time": 0.5097737312316895, "passed": false}, "2": {"execution_time": 0.47351908683776855, "passed": false}, "3": {"execution_time": 0.4981377124786377, "passed": false}, "4": {"execution_time": 0.4983804225921631, "passed": false}, "5": {"execution_time": 0.4879329204559326, "passed": false}, "6": {"execution_time": 0.3890397548675537, "passed": false}, "7": {"execution_time": 0.3519735336303711, "passed": false}, "8": {"execution_time": 0.3486900329589844, "passed": false}, "9": {"execution_time": 0.33298158645629883, "passed": false}, "10": {"execution_time": 0.3063545227050781, "passed": false}, "11": {"execution_time": 0.3714158535003662, "passed": false}}}, "check_style_score": "0/1"}