{"version": "1", "message": "ERROR: Hidden Testcases server unreachable.", "problem_id": "ads2_m6_a1_1", "user_id": "saikiranmaivemula1005", "score": {"sample": {"0": {"execution_time": 0.1992194652557373, "passed": false}, "1": {"execution_time": 0.17006278038024902, "passed": false}, "2": {"execution_time": 0.19457697868347168, "passed": false}, "3": {"execution_time": 0.20339083671569824, "passed": false}, "4": {"execution_time": 0.20548295974731445, "passed": false}, "5": {"execution_time": 0.21654820442199707, "passed": false}, "6": {"execution_time": 0.1885087490081787, "passed": false}, "7": {"execution_time": 0.2139723300933838, "passed": false}, "8": {"execution_time": 0.1817615032196045, "passed": false}, "9": {"execution_time": 0.21557855606079102, "passed": false}, "10": {"execution_time": 0.20591425895690918, "passed": false}, "11": {"execution_time": 0.22629809379577637, "passed": false}}}, "check_style_score": "0/1"}