{"version": "1", "message": "ERROR: Hidden Testcases server unreachable.", "problem_id": "ads2_m6_a1_1", "user_id": "saikiranmaivemula1005", "score": {"sample": {"0": {"execution_time": 0.1802659034729004, "passed": false}, "1": {"execution_time": 0.19539999961853027, "passed": false}, "2": {"execution_time": 0.20944499969482422, "passed": false}, "3": {"execution_time": 0.21997976303100586, "passed": false}, "4": {"execution_time": 0.20802807807922363, "passed": false}, "5": {"execution_time": 0.22423124313354492, "passed": false}, "6": {"execution_time": 0.2016010284423828, "passed": false}, "7": {"execution_time": 0.20808911323547363, "passed": false}, "8": {"execution_time": 0.19202184677124023, "passed": false}, "9": {"execution_time": 0.22781133651733398, "passed": false}, "10": {"execution_time": 0.18140482902526855, "passed": false}, "11": {"execution_time": 0.2317667007446289, "passed": false}}}, "check_style_score": "0/1"}