{"version": "1", "message": "ERROR: Hidden Testcases server unreachable.", "problem_id": "ads2_m6_a1_1", "user_id": "saikiranmaivemula1005", "score": {"sample": {"0": {"execution_time": 0.2500185966491699, "passed": false}, "1": {"execution_time": 0.25240015983581543, "passed": false}, "2": {"execution_time": 0.2397308349609375, "passed": false}, "3": {"execution_time": 0.28533005714416504, "passed": false}, "4": {"execution_time": 0.2442770004272461, "passed": false}, "5": {"execution_time": 0.28452229499816895, "passed": false}, "6": {"execution_time": 0.22943377494812012, "passed": false}, "7": {"execution_time": 0.2544112205505371, "passed": false}, "8": {"execution_time": 0.20313382148742676, "passed": false}, "9": {"execution_time": 0.29428958892822266, "passed": false}, "10": {"execution_time": 0.2600417137145996, "passed": false}, "11": {"execution_time": 0.34473514556884766, "passed": false}}}, "check_style_score": "0/1"}