{"version": "1", "message": "ERROR: Hidden Testcases server unreachable.", "problem_id": "ads2_m6_a1_1", "user_id": "saikiranmaivemula1005", "score": {"sample": {"0": {"execution_time": 0.24760007858276367, "passed": false}, "1": {"execution_time": 0.21919918060302734, "passed": false}, "2": {"execution_time": 0.2045903205871582, "passed": false}, "3": {"execution_time": 0.226243257522583, "passed": false}, "4": {"execution_time": 0.21816802024841309, "passed": false}, "5": {"execution_time": 0.21133184432983398, "passed": false}, "6": {"execution_time": 0.22894716262817383, "passed": false}, "7": {"execution_time": 0.23248815536499023, "passed": false}, "8": {"execution_time": 0.21367383003234863, "passed": false}, "9": {"execution_time": 0.21496009826660156, "passed": false}, "10": {"execution_time": 0.23064541816711426, "passed": false}, "11": {"execution_time": 0.24543404579162598, "passed": false}}}, "check_style_score": "0/1"}