{"version": "1", "message": "ERROR: Hidden Testcases server unreachable.", "problem_id": "ads2_m6_a1_1", "user_id": "saikiranmaivemula1005", "score": {"sample": {"0": {"execution_time": 0.17848539352416992, "passed": false}, "1": {"execution_time": 0.2279813289642334, "passed": false}, "2": {"execution_time": 0.1983168125152588, "passed": false}, "3": {"execution_time": 0.18672895431518555, "passed": false}, "4": {"execution_time": 0.1949148178100586, "passed": false}, "5": {"execution_time": 0.21145272254943848, "passed": false}, "6": {"execution_time": 0.2016444206237793, "passed": false}, "7": {"execution_time": 0.2087259292602539, "passed": false}, "8": {"execution_time": 0.19182562828063965, "passed": false}, "9": {"execution_time": 0.2257671356201172, "passed": false}, "10": {"execution_time": 0.21231818199157715, "passed": false}, "11": {"execution_time": 0.16713976860046387, "passed": false}}}, "check_style_score": "0/1"}