{"version": "1", "message": "ERROR: Hidden Testcases server unreachable.", "problem_id": "ads2_m6_a1_1", "user_id": "saikiranmaivemula1005", "score": {"sample": {"0": {"execution_time": 0.3822164535522461, "passed": false}, "1": {"execution_time": 0.4815051555633545, "passed": false}, "2": {"execution_time": 0.23881912231445312, "passed": false}, "3": {"execution_time": 0.3354809284210205, "passed": false}, "4": {"execution_time": 0.3404579162597656, "passed": false}, "5": {"execution_time": 0.5488007068634033, "passed": false}, "6": {"execution_time": 0.3087790012359619, "passed": false}, "7": {"execution_time": 0.38053131103515625, "passed": false}, "8": {"execution_time": 0.349107027053833, "passed": false}, "9": {"execution_time": 0.34858226776123047, "passed": false}, "10": {"execution_time": 0.37112998962402344, "passed": false}, "11": {"execution_time": 0.43480730056762695, "passed": false}}}, "check_style_score": "0/1"}