{"version": "1", "message": "ERROR: Hidden Testcases server unreachable.", "problem_id": "ads2_m6_a1_1", "user_id": "saikiranmaivemula1005", "score": {"sample": {"0": {"execution_time": 0.2124311923980713, "passed": false}, "1": {"execution_time": 0.2219099998474121, "passed": false}, "2": {"execution_time": 0.20862722396850586, "passed": false}, "3": {"execution_time": 0.25750136375427246, "passed": false}, "4": {"execution_time": 0.25104546546936035, "passed": false}, "5": {"execution_time": 0.22358250617980957, "passed": false}, "6": {"execution_time": 0.23528838157653809, "passed": false}, "7": {"execution_time": 0.21300792694091797, "passed": false}, "8": {"execution_time": 0.22746634483337402, "passed": false}, "9": {"execution_time": 0.228668212890625, "passed": false}, "10": {"execution_time": 0.20961260795593262, "passed": false}, "11": {"execution_time": 0.22056818008422852, "passed": false}}}, "check_style_score": "0/1"}