{"version": "1", "message": "ERROR: Hidden Testcases server unreachable.", "problem_id": "ads2_m6_a1_1", "user_id": "saikiranmaivemula1005", "score": {"sample": {"0": {"execution_time": 0.23320722579956055, "passed": false}, "1": {"execution_time": 0.16758251190185547, "passed": false}, "2": {"execution_time": 0.21194195747375488, "passed": false}, "3": {"execution_time": 0.2275381088256836, "passed": false}, "4": {"execution_time": 0.18447160720825195, "passed": false}, "5": {"execution_time": 0.2120814323425293, "passed": false}, "6": {"execution_time": 0.19670748710632324, "passed": false}, "7": {"execution_time": 0.20897555351257324, "passed": false}, "8": {"execution_time": 0.22873282432556152, "passed": false}, "9": {"execution_time": 0.21042823791503906, "passed": false}, "10": {"execution_time": 0.20707058906555176, "passed": false}, "11": {"execution_time": 0.2036886215209961, "passed": false}}}, "check_style_score": "0/1"}