{"version": "1", "message": "ERROR: Hidden Testcases server unreachable.", "problem_id": "ads2_m6_a1_1", "user_id": "saikiranmaivemula1005", "score": {"sample": {"0": {"execution_time": 0.1923530101776123, "passed": false}, "1": {"execution_time": 0.2355799674987793, "passed": false}, "2": {"execution_time": 0.21963834762573242, "passed": false}, "3": {"execution_time": 0.22857666015625, "passed": false}, "4": {"execution_time": 0.2436213493347168, "passed": false}, "5": {"execution_time": 0.19866704940795898, "passed": false}, "6": {"execution_time": 0.19145941734313965, "passed": false}, "7": {"execution_time": 0.20784378051757812, "passed": false}, "8": {"execution_time": 0.18574929237365723, "passed": false}, "9": {"execution_time": 0.2215123176574707, "passed": false}, "10": {"execution_time": 0.19264769554138184, "passed": false}, "11": {"execution_time": 0.1984255313873291, "passed": false}}}, "check_style_score": "0/1"}