{"version": "1", "message": "ERROR: Hidden Testcases server unreachable.", "problem_id": "ads2_m6_a1_1", "user_id": "saikiranmaivemula1005", "score": {"sample": {"0": {"execution_time": 0.18852949142456055, "passed": false}, "1": {"execution_time": 0.19152212142944336, "passed": false}, "2": {"execution_time": 0.22691702842712402, "passed": false}, "3": {"execution_time": 0.18982601165771484, "passed": false}, "4": {"execution_time": 0.1880505084991455, "passed": false}, "5": {"execution_time": 0.210921049118042, "passed": false}, "6": {"execution_time": 0.23375463485717773, "passed": false}, "7": {"execution_time": 0.19357705116271973, "passed": false}, "8": {"execution_time": 0.1999967098236084, "passed": false}, "9": {"execution_time": 0.24873828887939453, "passed": false}, "10": {"execution_time": 0.19733119010925293, "passed": false}, "11": {"execution_time": 0.21461701393127441, "passed": false}}}, "check_style_score": "0/1"}