{"version": "1", "message": "ERROR: Hidden Testcases server unreachable.", "problem_id": "ads2_m6_a1_1", "user_id": "saikiranmaivemula1005", "score": {"sample": {"0": {"execution_time": 0.19547677040100098, "passed": false}, "1": {"execution_time": 0.21013474464416504, "passed": false}, "2": {"execution_time": 0.2016448974609375, "passed": false}, "3": {"execution_time": 0.21181631088256836, "passed": false}, "4": {"execution_time": 0.21254777908325195, "passed": false}, "5": {"execution_time": 0.19118380546569824, "passed": false}, "6": {"execution_time": 0.2080671787261963, "passed": false}, "7": {"execution_time": 0.19635891914367676, "passed": false}, "8": {"execution_time": 0.20827698707580566, "passed": false}, "9": {"execution_time": 0.22405147552490234, "passed": false}, "10": {"execution_time": 0.1996018886566162, "passed": false}, "11": {"execution_time": 0.2169508934020996, "passed": false}}}, "check_style_score": "0/1"}