{"version": "1", "message": "ERROR: Hidden Testcases server unreachable.", "problem_id": "ads2_m6_a1_1", "user_id": "saikiranmaivemula1005", "score": {"sample": {"0": {"execution_time": 0.18343329429626465, "passed": false}, "1": {"execution_time": 0.16935968399047852, "passed": false}, "2": {"execution_time": 0.17854952812194824, "passed": false}, "3": {"execution_time": 0.18094778060913086, "passed": false}, "4": {"execution_time": 0.19104695320129395, "passed": false}, "5": {"execution_time": 0.18555593490600586, "passed": false}, "6": {"execution_time": 0.16041827201843262, "passed": false}, "7": {"execution_time": 0.22314858436584473, "passed": false}, "8": {"execution_time": 0.16550946235656738, "passed": false}, "9": {"execution_time": 0.1826343536376953, "passed": false}, "10": {"execution_time": 0.1449565887451172, "passed": false}, "11": {"execution_time": 0.18921923637390137, "passed": false}}}, "check_style_score": "0/1"}