{"version": "1", "message": "ERROR: Hidden Testcases server unreachable.", "problem_id": "ads2_m6_a1_1", "user_id": "saikiranmaivemula1005", "score": {"sample": {"0": {"execution_time": 0.20202898979187012, "passed": false}, "1": {"execution_time": 0.20376920700073242, "passed": false}, "2": {"execution_time": 0.2306060791015625, "passed": false}, "3": {"execution_time": 0.21596503257751465, "passed": false}, "4": {"execution_time": 0.2862098217010498, "passed": false}, "5": {"execution_time": 0.20231938362121582, "passed": false}, "6": {"execution_time": 0.21086692810058594, "passed": false}, "7": {"execution_time": 0.24837231636047363, "passed": false}, "8": {"execution_time": 0.2124950885772705, "passed": false}, "9": {"execution_time": 0.2488696575164795, "passed": false}, "10": {"execution_time": 0.2457294464111328, "passed": false}, "11": {"execution_time": 0.22352266311645508, "passed": false}}}, "check_style_score": "0/1"}