{"version": "1", "message": "ERROR: Hidden Testcases server unreachable.", "problem_id": "ads2_m6_a1_1", "user_id": "saikiranmaivemula1005", "score": {"sample": {"0": {"execution_time": 0.3227684497833252, "passed": false}, "1": {"execution_time": 0.34410667419433594, "passed": false}, "2": {"execution_time": 0.421555757522583, "passed": false}, "3": {"execution_time": 0.5010764598846436, "passed": false}, "4": {"execution_time": 0.4985523223876953, "passed": false}, "5": {"execution_time": 0.5045781135559082, "passed": false}, "6": {"execution_time": 0.4128904342651367, "passed": false}, "7": {"execution_time": 0.37758588790893555, "passed": false}, "8": {"execution_time": 0.291520357131958, "passed": false}, "9": {"execution_time": 0.3253624439239502, "passed": false}, "10": {"execution_time": 0.36325693130493164, "passed": false}, "11": {"execution_time": 0.38974547386169434, "passed": false}}}, "check_style_score": "0/1"}