{"version": "1", "message": "ERROR: Hidden Testcases server unreachable.", "problem_id": "ads2_m6_a1_1", "user_id": "saikiranmaivemula1005", "score": {"sample": {"0": {"execution_time": 0.16816282272338867, "passed": false}, "1": {"execution_time": 0.20470476150512695, "passed": false}, "2": {"execution_time": 0.18904685974121094, "passed": false}, "3": {"execution_time": 0.20187616348266602, "passed": false}, "4": {"execution_time": 0.22791242599487305, "passed": false}, "5": {"execution_time": 0.18148183822631836, "passed": false}, "6": {"execution_time": 0.18205571174621582, "passed": false}, "7": {"execution_time": 0.2294154167175293, "passed": false}, "8": {"execution_time": 0.19177889823913574, "passed": false}, "9": {"execution_time": 0.22270822525024414, "passed": false}, "10": {"execution_time": 0.23523473739624023, "passed": false}, "11": {"execution_time": 0.19695591926574707, "passed": false}}}, "check_style_score": "0/1"}