{"version": "1", "message": "ERROR: Hidden Testcases server unreachable.", "problem_id": "ads2_m6_a1_1", "user_id": "saikiranmaivemula1005", "score": {"sample": {"0": {"execution_time": 0.170851469039917, "passed": false}, "1": {"execution_time": 0.15230751037597656, "passed": false}, "2": {"execution_time": 0.18252325057983398, "passed": false}, "3": {"execution_time": 0.1616830825805664, "passed": false}, "4": {"execution_time": 0.19559788703918457, "passed": false}, "5": {"execution_time": 0.16057229042053223, "passed": false}, "6": {"execution_time": 0.2290191650390625, "passed": false}, "7": {"execution_time": 0.3130483627319336, "passed": false}, "8": {"execution_time": 0.1684718132019043, "passed": false}, "9": {"execution_time": 0.1635725498199463, "passed": false}, "10": {"execution_time": 0.2213122844696045, "passed": false}, "11": {"execution_time": 0.13433361053466797, "passed": false}}}, "check_style_score": "0/1"}