{"version": "1", "message": "ERROR: Hidden Testcases server unreachable.", "problem_id": "ads2_m6_a1_1", "user_id": "saikiranmaivemula1005", "score": {"sample": {"0": {"execution_time": 0.36615777015686035, "passed": false}, "1": {"execution_time": 0.3464195728302002, "passed": false}, "2": {"execution_time": 0.349445104598999, "passed": false}, "3": {"execution_time": 0.3524012565612793, "passed": false}, "4": {"execution_time": 0.35366010665893555, "passed": false}, "5": {"execution_time": 0.33730006217956543, "passed": false}, "6": {"execution_time": 0.3530271053314209, "passed": false}, "7": {"execution_time": 0.351546049118042, "passed": false}, "8": {"execution_time": 0.3559401035308838, "passed": false}, "9": {"execution_time": 0.3159763813018799, "passed": false}, "10": {"execution_time": 0.34053707122802734, "passed": false}, "11": {"execution_time": 0.36620450019836426, "passed": false}}}, "check_style_score": "0/1"}