{"version": "1", "message": "ERROR: Hidden Testcases server unreachable.", "problem_id": "ads2_m6_a1_1", "user_id": "saikiranmaivemula1005", "score": {"sample": {"0": {"execution_time": 0.20478320121765137, "passed": false}, "1": {"execution_time": 0.24063396453857422, "passed": false}, "2": {"execution_time": 0.21924829483032227, "passed": false}, "3": {"execution_time": 0.23183131217956543, "passed": false}, "4": {"execution_time": 0.21897172927856445, "passed": false}, "5": {"execution_time": 0.2355186939239502, "passed": false}, "6": {"execution_time": 0.23012185096740723, "passed": false}, "7": {"execution_time": 0.16715145111083984, "passed": false}, "8": {"execution_time": 0.19590401649475098, "passed": false}, "9": {"execution_time": 0.2414412498474121, "passed": false}, "10": {"execution_time": 0.19626688957214355, "passed": false}, "11": {"execution_time": 0.22826576232910156, "passed": false}}}, "check_style_score": "0/1"}