{"version": "1", "message": "ERROR: Hidden Testcases server unreachable.", "problem_id": "ads2_m6_a1_1", "user_id": "saikiranmaivemula1005", "score": {"sample": {"0": {"execution_time": 0.1924726963043213, "passed": false}, "1": {"execution_time": 0.23853302001953125, "passed": false}, "2": {"execution_time": 0.2007606029510498, "passed": false}, "3": {"execution_time": 0.2424006462097168, "passed": false}, "4": {"execution_time": 0.19567418098449707, "passed": false}, "5": {"execution_time": 0.21150684356689453, "passed": false}, "6": {"execution_time": 0.2004401683807373, "passed": false}, "7": {"execution_time": 0.22476983070373535, "passed": false}, "8": {"execution_time": 0.185715913772583, "passed": false}, "9": {"execution_time": 0.26978564262390137, "passed": false}, "10": {"execution_time": 0.20283222198486328, "passed": false}, "11": {"execution_time": 0.18849587440490723, "passed": false}}}, "check_style_score": "0/1"}