{"version": "1", "message": "ERROR: Hidden Testcases server unreachable.", "problem_id": "ads2_m6_a1_1", "user_id": "saikiranmaivemula1005", "score": {"sample": {"0": {"execution_time": 0.2014613151550293, "passed": false}, "1": {"execution_time": 0.846031665802002, "passed": false}, "2": {"execution_time": 0.21910452842712402, "passed": false}, "3": {"execution_time": 0.21144390106201172, "passed": false}, "4": {"execution_time": 0.19860029220581055, "passed": false}, "5": {"execution_time": 0.22806453704833984, "passed": false}, "6": {"execution_time": 0.19086527824401855, "passed": false}, "7": {"execution_time": 0.2159595489501953, "passed": false}, "8": {"execution_time": 0.19516491889953613, "passed": false}, "9": {"execution_time": 0.2656991481781006, "passed": false}, "10": {"execution_time": 0.23433470726013184, "passed": false}, "11": {"execution_time": 0.21758484840393066, "passed": false}}}, "check_style_score": "0/1"}