{"version": "1", "message": "ERROR: Hidden Testcases server unreachable.", "problem_id": "ads2_m6_a1_1", "user_id": "saikiranmaivemula1005", "score": {"sample": {"0": {"execution_time": 0.19209527969360352, "passed": false}, "1": {"execution_time": 0.22112655639648438, "passed": false}, "2": {"execution_time": 0.22363495826721191, "passed": false}, "3": {"execution_time": 0.20192456245422363, "passed": false}, "4": {"execution_time": 0.204697847366333, "passed": false}, "5": {"execution_time": 0.2198336124420166, "passed": false}, "6": {"execution_time": 0.19532990455627441, "passed": false}, "7": {"execution_time": 0.21298789978027344, "passed": false}, "8": {"execution_time": 0.1947648525238037, "passed": false}, "9": {"execution_time": 0.23557758331298828, "passed": false}, "10": {"execution_time": 0.19406843185424805, "passed": false}, "11": {"execution_time": 0.24651360511779785, "passed": false}}}, "check_style_score": "0/1"}