{"version": "1", "message": "ERROR: Hidden Testcases server unreachable.", "problem_id": "ads2_m6_a1_1", "user_id": "saikiranmaivemula1005", "score": {"sample": {"0": {"execution_time": 0.28299784660339355, "passed": false}, "1": {"execution_time": 0.4848957061767578, "passed": false}, "2": {"execution_time": 0.4902303218841553, "passed": false}, "3": {"execution_time": 0.5037407875061035, "passed": false}, "4": {"execution_time": 0.5278987884521484, "passed": false}, "5": {"execution_time": 0.5062415599822998, "passed": false}, "6": {"execution_time": 0.5014321804046631, "passed": false}, "7": {"execution_time": 0.40444326400756836, "passed": false}, "8": {"execution_time": 0.3576529026031494, "passed": false}, "9": {"execution_time": 0.3894615173339844, "passed": false}, "10": {"execution_time": 0.3854341506958008, "passed": false}, "11": {"execution_time": 0.47426772117614746, "passed": false}}}, "check_style_score": "0/1"}