{"version": "1", "message": "ERROR: Hidden Testcases server unreachable.", "problem_id": "ads2_m6_a1_1", "user_id": "saikiranmaivemula1005", "score": {"sample": {"0": {"execution_time": 0.4500272274017334, "passed": false}, "1": {"execution_time": 0.39295125007629395, "passed": false}, "2": {"execution_time": 0.3932807445526123, "passed": false}, "3": {"execution_time": 0.42348456382751465, "passed": false}, "4": {"execution_time": 0.4312300682067871, "passed": true}, "5": {"execution_time": 0.6450932025909424, "passed": false}, "6": {"execution_time": 0.5011141300201416, "passed": true}, "7": {"execution_time": 0.6726505756378174, "passed": false}, "8": {"execution_time": 0.5099911689758301, "passed": true}, "9": {"execution_time": 1.5305025577545166, "passed": true}, "10": {"execution_time": 0.986039400100708, "passed": true}, "11": {"execution_time": 0.6590023040771484, "passed": false}}}, "check_style_score": "0/1"}