{"version": "1", "message": "ERROR: Hidden Testcases server unreachable.", "problem_id": "ads2_m6_a1_1", "user_id": "saikiranmaivemula1005", "score": {"sample": {"0": {"execution_time": 0.20445489883422852, "passed": false}, "1": {"execution_time": 0.24439191818237305, "passed": false}, "2": {"execution_time": 0.20897436141967773, "passed": false}, "3": {"execution_time": 0.22569680213928223, "passed": false}, "4": {"execution_time": 0.20065045356750488, "passed": false}, "5": {"execution_time": 0.2037036418914795, "passed": false}, "6": {"execution_time": 0.19974184036254883, "passed": false}, "7": {"execution_time": 0.21448922157287598, "passed": false}, "8": {"execution_time": 0.20449018478393555, "passed": false}, "9": {"execution_time": 0.2321453094482422, "passed": false}, "10": {"execution_time": 0.1928246021270752, "passed": false}, "11": {"execution_time": 0.22625255584716797, "passed": false}}}, "check_style_score": "0/1"}