{"version": "1", "message": "ERROR: Hidden Testcases server unreachable.", "problem_id": "ads2_m6_a1_1", "user_id": "saikiranmaivemula1005", "score": {"sample": {"0": {"execution_time": 0.19734787940979004, "passed": false}, "1": {"execution_time": 0.19418740272521973, "passed": false}, "2": {"execution_time": 0.2209324836730957, "passed": false}, "3": {"execution_time": 0.19560980796813965, "passed": false}, "4": {"execution_time": 0.1916947364807129, "passed": false}, "5": {"execution_time": 0.21495652198791504, "passed": false}, "6": {"execution_time": 0.22309184074401855, "passed": false}, "7": {"execution_time": 0.19298458099365234, "passed": false}, "8": {"execution_time": 0.23879075050354004, "passed": false}, "9": {"execution_time": 0.19056391716003418, "passed": false}, "10": {"execution_time": 0.21798944473266602, "passed": false}, "11": {"execution_time": 0.18911480903625488, "passed": false}}}, "check_style_score": "0/1"}