{"version": "1", "message": "ERROR: Hidden Testcases server unreachable.", "problem_id": "ads2_m6_a1_1", "user_id": "saikiranmaivemula1005", "score": {"sample": {"0": {"execution_time": 0.24761009216308594, "passed": false}, "1": {"execution_time": 0.22310614585876465, "passed": false}, "2": {"execution_time": 0.22224688529968262, "passed": false}, "3": {"execution_time": 0.24392318725585938, "passed": false}, "4": {"execution_time": 0.45159173011779785, "passed": false}, "5": {"execution_time": 0.23404812812805176, "passed": false}, "6": {"execution_time": 0.2556166648864746, "passed": false}, "7": {"execution_time": 0.2358253002166748, "passed": false}, "8": {"execution_time": 0.23063969612121582, "passed": false}, "9": {"execution_time": 0.9961004257202148, "passed": false}, "10": {"execution_time": 0.3262338638305664, "passed": false}, "11": {"execution_time": 0.3248412609100342, "passed": false}}}, "check_style_score": "0/1"}