{"version": "1", "message": "ERROR: Hidden Testcases server unreachable.", "problem_id": "ads2_m6_a1_1", "user_id": "saikiranmaivemula1005", "score": {"sample": {"0": {"execution_time": 0.18745779991149902, "passed": false}, "1": {"execution_time": 0.21924328804016113, "passed": false}, "2": {"execution_time": 0.1826624870300293, "passed": false}, "3": {"execution_time": 0.2204303741455078, "passed": false}, "4": {"execution_time": 0.2112727165222168, "passed": false}, "5": {"execution_time": 0.2215108871459961, "passed": false}, "6": {"execution_time": 0.22174406051635742, "passed": false}, "7": {"execution_time": 0.20344877243041992, "passed": false}, "8": {"execution_time": 0.22664332389831543, "passed": false}, "9": {"execution_time": 0.18123149871826172, "passed": false}, "10": {"execution_time": 0.23148512840270996, "passed": false}, "11": {"execution_time": 0.19574904441833496, "passed": false}}}, "check_style_score": "0/1"}