{"version": "1", "message": "ERROR: Hidden Testcases server unreachable.", "problem_id": "ads2_m6_a1_1", "user_id": "saikiranmaivemula1005", "score": {"sample": {"0": {"execution_time": 0.23350024223327637, "passed": false}, "1": {"execution_time": 0.22246265411376953, "passed": false}, "2": {"execution_time": 0.23238348960876465, "passed": false}, "3": {"execution_time": 0.21277713775634766, "passed": false}, "4": {"execution_time": 0.255662202835083, "passed": false}, "5": {"execution_time": 0.22217559814453125, "passed": false}, "6": {"execution_time": 0.20945477485656738, "passed": false}, "7": {"execution_time": 0.20609354972839355, "passed": false}, "8": {"execution_time": 0.2255232334136963, "passed": false}, "9": {"execution_time": 0.2194066047668457, "passed": false}, "10": {"execution_time": 0.2069683074951172, "passed": false}, "11": {"execution_time": 0.22680282592773438, "passed": false}}}, "check_style_score": "0/1"}