{"version": "1", "message": "ERROR: Hidden Testcases server unreachable.", "problem_id": "ads2_m6_a1_1", "user_id": "saikiranmaivemula1005", "score": {"sample": {"0": {"execution_time": 0.2618722915649414, "passed": false}, "1": {"execution_time": 0.21115660667419434, "passed": false}, "2": {"execution_time": 0.19486474990844727, "passed": false}, "3": {"execution_time": 0.21392130851745605, "passed": false}, "4": {"execution_time": 0.20907211303710938, "passed": false}, "5": {"execution_time": 0.20173239707946777, "passed": false}, "6": {"execution_time": 0.19566679000854492, "passed": false}, "7": {"execution_time": 0.20860552787780762, "passed": false}, "8": {"execution_time": 0.20813632011413574, "passed": false}, "9": {"execution_time": 0.22184419631958008, "passed": false}, "10": {"execution_time": 0.23025870323181152, "passed": false}, "11": {"execution_time": 0.22089314460754395, "passed": false}}}, "check_style_score": "0/1"}