{"version": "1", "message": "ERROR: Hidden Testcases server unreachable.", "problem_id": "ads2_m6_a1_1", "user_id": "saikiranmaivemula1005", "score": {"sample": {"0": {"execution_time": 0.16013622283935547, "passed": false}, "1": {"execution_time": 0.193464994430542, "passed": false}, "2": {"execution_time": 0.1504988670349121, "passed": false}, "3": {"execution_time": 0.17551970481872559, "passed": false}, "4": {"execution_time": 0.19474506378173828, "passed": false}, "5": {"execution_time": 0.15649628639221191, "passed": false}, "6": {"execution_time": 0.16537141799926758, "passed": false}, "7": {"execution_time": 0.1930677890777588, "passed": false}, "8": {"execution_time": 0.18914556503295898, "passed": false}, "9": {"execution_time": 0.21713495254516602, "passed": false}, "10": {"execution_time": 0.14073777198791504, "passed": false}, "11": {"execution_time": 0.18155264854431152, "passed": false}}}, "check_style_score": "0/1"}