{"version": "1", "message": "ERROR: Hidden Testcases server unreachable.", "problem_id": "ads2_m6_a1_1", "user_id": "saikiranmaivemula1005", "score": {"sample": {"0": {"execution_time": 0.4324054718017578, "passed": false}, "1": {"execution_time": 0.37152719497680664, "passed": false}, "2": {"execution_time": 0.30716466903686523, "passed": false}, "3": {"execution_time": 0.3399696350097656, "passed": false}, "4": {"execution_time": 0.4266016483306885, "passed": false}, "5": {"execution_time": 0.6260197162628174, "passed": false}, "6": {"execution_time": 0.5447907447814941, "passed": true}, "7": {"execution_time": 0.5647239685058594, "passed": false}, "8": {"execution_time": 0.7836380004882812, "passed": true}, "9": {"execution_time": 0.42046570777893066, "passed": false}, "10": {"execution_time": 0.3638889789581299, "passed": true}, "11": {"execution_time": 0.5561728477478027, "passed": false}}}, "check_style_score": "0/1"}