{"version": "1", "message": "ERROR: Hidden Testcases server unreachable.", "problem_id": "ads2_m6_a1_1", "user_id": "saikiranmaivemula1005", "score": {"sample": {"0": {"execution_time": 0.3786966800689697, "passed": false}, "1": {"execution_time": 0.454296350479126, "passed": false}, "2": {"execution_time": 0.2968583106994629, "passed": false}, "3": {"execution_time": 0.33504438400268555, "passed": false}, "4": {"execution_time": 0.3908250331878662, "passed": false}, "5": {"execution_time": 0.3969740867614746, "passed": false}, "6": {"execution_time": 0.30625081062316895, "passed": false}, "7": {"execution_time": 0.3466160297393799, "passed": false}, "8": {"execution_time": 0.36661767959594727, "passed": false}, "9": {"execution_time": 0.3459484577178955, "passed": false}, "10": {"execution_time": 0.3727710247039795, "passed": false}, "11": {"execution_time": 0.3687455654144287, "passed": false}}}, "check_style_score": "0/1"}