{"version": "1", "message": "ERROR: Hidden Testcases server unreachable.", "problem_id": "ads2_m6_a1_1", "user_id": "saikiranmaivemula1005", "score": {"sample": {"0": {"execution_time": 0.19155144691467285, "passed": false}, "1": {"execution_time": 0.22841835021972656, "passed": false}, "2": {"execution_time": 0.18314766883850098, "passed": false}, "3": {"execution_time": 0.2048788070678711, "passed": false}, "4": {"execution_time": 0.2189161777496338, "passed": false}, "5": {"execution_time": 0.22467374801635742, "passed": false}, "6": {"execution_time": 0.1914196014404297, "passed": false}, "7": {"execution_time": 0.224365234375, "passed": false}, "8": {"execution_time": 0.19581985473632812, "passed": false}, "9": {"execution_time": 0.23968935012817383, "passed": false}, "10": {"execution_time": 0.19600653648376465, "passed": false}, "11": {"execution_time": 0.19723105430603027, "passed": false}}}, "check_style_score": "0/1"}