{"version": "1", "message": "ERROR: Hidden Testcases server unreachable.", "problem_id": "ads2_m6_a1_1", "user_id": "saikiranmaivemula1005", "score": {"sample": {"0": {"execution_time": 0.21741819381713867, "passed": false}, "1": {"execution_time": 0.22749662399291992, "passed": false}, "2": {"execution_time": 0.22777533531188965, "passed": false}, "3": {"execution_time": 0.22964715957641602, "passed": false}, "4": {"execution_time": 0.20781564712524414, "passed": false}, "5": {"execution_time": 0.22997760772705078, "passed": false}, "6": {"execution_time": 0.2126023769378662, "passed": false}, "7": {"execution_time": 0.23427128791809082, "passed": false}, "8": {"execution_time": 0.22950315475463867, "passed": false}, "9": {"execution_time": 0.2176685333251953, "passed": false}, "10": {"execution_time": 0.2215113639831543, "passed": false}, "11": {"execution_time": 0.2264723777770996, "passed": false}}}, "check_style_score": "0/1"}