{"version": "1", "message": "ERROR: Hidden Testcases server unreachable.", "problem_id": "ads2_m6_a1_1", "user_id": "saikiranmaivemula1005", "score": {"sample": {"0": {"execution_time": 0.2017216682434082, "passed": false}, "1": {"execution_time": 0.24425029754638672, "passed": false}, "2": {"execution_time": 0.23506402969360352, "passed": false}, "3": {"execution_time": 0.23177242279052734, "passed": false}, "4": {"execution_time": 0.23478031158447266, "passed": false}, "5": {"execution_time": 0.23752212524414062, "passed": false}, "6": {"execution_time": 0.23236823081970215, "passed": false}, "7": {"execution_time": 0.21941685676574707, "passed": false}, "8": {"execution_time": 0.22393274307250977, "passed": false}, "9": {"execution_time": 0.25041627883911133, "passed": false}, "10": {"execution_time": 0.1914052963256836, "passed": false}, "11": {"execution_time": 0.2507920265197754, "passed": false}}}, "check_style_score": "0/1"}