{"version": "1", "message": "ERROR: Hidden Testcases server unreachable.", "problem_id": "ads2_m6_a1_1", "user_id": "saikiranmaivemula1005", "score": {"sample": {"0": {"execution_time": 0.20404601097106934, "passed": false}, "1": {"execution_time": 0.16559576988220215, "passed": false}, "2": {"execution_time": 0.2353687286376953, "passed": false}, "3": {"execution_time": 0.19976425170898438, "passed": false}, "4": {"execution_time": 0.21152734756469727, "passed": false}, "5": {"execution_time": 0.20033669471740723, "passed": false}, "6": {"execution_time": 0.16492104530334473, "passed": false}, "7": {"execution_time": 0.19855713844299316, "passed": false}, "8": {"execution_time": 0.2074439525604248, "passed": false}, "9": {"execution_time": 0.20123028755187988, "passed": false}, "10": {"execution_time": 0.20187878608703613, "passed": false}, "11": {"execution_time": 0.20383501052856445, "passed": false}}}, "check_style_score": "0/1"}