{"version": "1", "message": "ERROR: Hidden Testcases server unreachable.", "problem_id": "ads2_m6_a1_1", "user_id": "saikiranmaivemula1005", "score": {"sample": {"0": {"execution_time": 0.20245957374572754, "passed": false}, "1": {"execution_time": 0.21188569068908691, "passed": false}, "2": {"execution_time": 0.19236326217651367, "passed": false}, "3": {"execution_time": 0.21753835678100586, "passed": false}, "4": {"execution_time": 0.2253127098083496, "passed": false}, "5": {"execution_time": 0.20682215690612793, "passed": false}, "6": {"execution_time": 0.20723819732666016, "passed": false}, "7": {"execution_time": 0.23856878280639648, "passed": false}, "8": {"execution_time": 0.20702409744262695, "passed": false}, "9": {"execution_time": 0.21193647384643555, "passed": false}, "10": {"execution_time": 0.22382140159606934, "passed": false}, "11": {"execution_time": 0.1938159465789795, "passed": false}}}, "check_style_score": "0/1"}