{"version": "1", "message": "ERROR: Hidden Testcases server unreachable.", "problem_id": "ads2_m6_a1_1", "user_id": "saikiranmaivemula1005", "score": {"sample": {"0": {"execution_time": 0.19582247734069824, "passed": false}, "1": {"execution_time": 0.2116384506225586, "passed": false}, "2": {"execution_time": 0.1926255226135254, "passed": false}, "3": {"execution_time": 0.20316767692565918, "passed": false}, "4": {"execution_time": 0.21338701248168945, "passed": false}, "5": {"execution_time": 0.1933441162109375, "passed": false}, "6": {"execution_time": 0.21613264083862305, "passed": false}, "7": {"execution_time": 0.2266709804534912, "passed": false}, "8": {"execution_time": 0.20154333114624023, "passed": false}, "9": {"execution_time": 0.1858682632446289, "passed": false}, "10": {"execution_time": 0.19282889366149902, "passed": false}, "11": {"execution_time": 0.1987159252166748, "passed": false}}}, "check_style_score": "0/1"}