{"version": "1", "message": "ERROR: Hidden Testcases server unreachable.", "problem_id": "ads2_m6_a1_1", "user_id": "saikiranmaivemula1005", "score": {"sample": {"0": {"execution_time": 0.1698436737060547, "passed": false}, "1": {"execution_time": 0.1842517852783203, "passed": false}, "2": {"execution_time": 0.1804370880126953, "passed": false}, "3": {"execution_time": 0.1778583526611328, "passed": false}, "4": {"execution_time": 0.1832106113433838, "passed": false}, "5": {"execution_time": 0.18318438529968262, "passed": false}, "6": {"execution_time": 0.21416139602661133, "passed": false}, "7": {"execution_time": 0.20441961288452148, "passed": false}, "8": {"execution_time": 0.18192529678344727, "passed": false}, "9": {"execution_time": 0.1891934871673584, "passed": false}, "10": {"execution_time": 0.18431973457336426, "passed": false}, "11": {"execution_time": 0.17781591415405273, "passed": false}}}, "check_style_score": "0/1"}