{"version": "1", "message": "ERROR: Hidden Testcases server unreachable.", "problem_id": "ads2_m6_a1_1", "user_id": "saikiranmaivemula1005", "score": {"sample": {"0": {"execution_time": 0.15217304229736328, "passed": false}, "1": {"execution_time": 0.1790637969970703, "passed": false}, "2": {"execution_time": 0.16028070449829102, "passed": false}, "3": {"execution_time": 0.14823102951049805, "passed": false}, "4": {"execution_time": 0.13557171821594238, "passed": false}, "5": {"execution_time": 0.14974308013916016, "passed": false}, "6": {"execution_time": 0.18202781677246094, "passed": false}, "7": {"execution_time": 0.17205357551574707, "passed": false}, "8": {"execution_time": 0.1806960105895996, "passed": false}, "9": {"execution_time": 0.14876580238342285, "passed": false}, "10": {"execution_time": 0.1643991470336914, "passed": false}, "11": {"execution_time": 0.17164921760559082, "passed": false}}}, "check_style_score": "0/1"}