{"version": "1", "message": "ERROR: Hidden Testcases server unreachable.", "problem_id": "ads2_m6_a1_1", "user_id": "saikiranmaivemula1005", "score": {"sample": {"0": {"execution_time": 0.18075060844421387, "passed": false}, "1": {"execution_time": 0.19384288787841797, "passed": false}, "2": {"execution_time": 0.2548789978027344, "passed": false}, "3": {"execution_time": 0.18999481201171875, "passed": false}, "4": {"execution_time": 0.20063257217407227, "passed": false}, "5": {"execution_time": 0.20853614807128906, "passed": false}, "6": {"execution_time": 0.19984650611877441, "passed": false}, "7": {"execution_time": 0.21172165870666504, "passed": false}, "8": {"execution_time": 0.200606107711792, "passed": false}, "9": {"execution_time": 0.2166292667388916, "passed": false}, "10": {"execution_time": 0.22188901901245117, "passed": false}, "11": {"execution_time": 0.2337040901184082, "passed": false}}}, "check_style_score": "0/1"}