{"version": "1", "message": "ERROR: Hidden Testcases server unreachable.", "problem_id": "ads2_m6_a1_1", "user_id": "saikiranmaivemula1005", "score": {"sample": {"0": {"execution_time": 0.2847166061401367, "passed": false}, "1": {"execution_time": 0.2412412166595459, "passed": false}, "2": {"execution_time": 0.24036931991577148, "passed": false}, "3": {"execution_time": 0.2876169681549072, "passed": false}, "4": {"execution_time": 0.27147960662841797, "passed": false}, "5": {"execution_time": 0.29846763610839844, "passed": false}, "6": {"execution_time": 0.24041485786437988, "passed": false}, "7": {"execution_time": 0.2735414505004883, "passed": false}, "8": {"execution_time": 0.24415302276611328, "passed": false}, "9": {"execution_time": 0.2694516181945801, "passed": false}, "10": {"execution_time": 0.21963238716125488, "passed": false}, "11": {"execution_time": 0.29337620735168457, "passed": false}}}, "check_style_score": "0/1"}