{"version": "1", "message": "ERROR: Hidden Testcases server unreachable.", "problem_id": "ads2_m6_a1_1", "user_id": "saikiranmaivemula1005", "score": {"sample": {"0": {"execution_time": 0.1792926788330078, "passed": false}, "1": {"execution_time": 0.2272202968597412, "passed": false}, "2": {"execution_time": 0.24351072311401367, "passed": false}, "3": {"execution_time": 0.18860292434692383, "passed": false}, "4": {"execution_time": 0.231827974319458, "passed": false}, "5": {"execution_time": 0.1934809684753418, "passed": false}, "6": {"execution_time": 0.2026505470275879, "passed": false}, "7": {"execution_time": 0.20856904983520508, "passed": false}, "8": {"execution_time": 0.19080066680908203, "passed": false}, "9": {"execution_time": 0.1660611629486084, "passed": false}, "10": {"execution_time": 0.20344138145446777, "passed": false}, "11": {"execution_time": 0.18962740898132324, "passed": false}}}, "check_style_score": "0/1"}