{"version": "1", "message": "ERROR: Hidden Testcases server unreachable.", "problem_id": "ads2_m6_a1_1", "user_id": "saikiranmaivemula1005", "score": {"sample": {"0": {"execution_time": 0.36597275733947754, "passed": false}, "1": {"execution_time": 0.38834238052368164, "passed": false}, "2": {"execution_time": 0.36124491691589355, "passed": false}, "3": {"execution_time": 0.4019744396209717, "passed": false}, "4": {"execution_time": 0.3185434341430664, "passed": false}, "5": {"execution_time": 0.49426913261413574, "passed": false}, "6": {"execution_time": 0.4127027988433838, "passed": true}, "7": {"execution_time": 0.41875505447387695, "passed": false}, "8": {"execution_time": 0.39071083068847656, "passed": true}, "9": {"execution_time": 0.35071778297424316, "passed": false}, "10": {"execution_time": 0.3154168128967285, "passed": true}, "11": {"execution_time": 0.6655087471008301, "passed": false}}}, "check_style_score": "0/1"}