{"version": "1", "message": "ERROR: Hidden Testcases server unreachable.", "problem_id": "ads2_m6_a1_1", "user_id": "saikiranmaivemula1005", "score": {"sample": {"0": {"execution_time": 0.19503140449523926, "passed": false}, "1": {"execution_time": 0.20802640914916992, "passed": false}, "2": {"execution_time": 0.18860483169555664, "passed": false}, "3": {"execution_time": 0.2069549560546875, "passed": false}, "4": {"execution_time": 0.22787046432495117, "passed": false}, "5": {"execution_time": 0.20400714874267578, "passed": false}, "6": {"execution_time": 0.167860746383667, "passed": false}, "7": {"execution_time": 0.17477941513061523, "passed": false}, "8": {"execution_time": 0.2243180274963379, "passed": false}, "9": {"execution_time": 0.18822813034057617, "passed": false}, "10": {"execution_time": 0.2178478240966797, "passed": false}, "11": {"execution_time": 0.22394609451293945, "passed": false}}}, "check_style_score": "0/1"}