{"version": "1", "message": "ERROR: Hidden Testcases server unreachable.", "problem_id": "ads2_m6_a1_1", "user_id": "saikiranmaivemula1005", "score": {"sample": {"0": {"execution_time": 0.1819930076599121, "passed": false}, "1": {"execution_time": 0.22698664665222168, "passed": false}, "2": {"execution_time": 0.20300769805908203, "passed": false}, "3": {"execution_time": 0.25250720977783203, "passed": false}, "4": {"execution_time": 0.24329710006713867, "passed": false}, "5": {"execution_time": 0.18683409690856934, "passed": false}, "6": {"execution_time": 0.22850990295410156, "passed": false}, "7": {"execution_time": 0.2008814811706543, "passed": false}, "8": {"execution_time": 0.2220306396484375, "passed": false}, "9": {"execution_time": 0.2097461223602295, "passed": false}, "10": {"execution_time": 0.23515558242797852, "passed": false}, "11": {"execution_time": 0.19303488731384277, "passed": false}}}, "check_style_score": "0/1"}