{"version": "1", "message": "ERROR: Hidden Testcases server unreachable.", "problem_id": "ads2_m6_a1_1", "user_id": "saikiranmaivemula1005", "score": {"sample": {"0": {"execution_time": 0.19835233688354492, "passed": false}, "1": {"execution_time": 0.23003840446472168, "passed": false}, "2": {"execution_time": 0.2213454246520996, "passed": false}, "3": {"execution_time": 0.1948714256286621, "passed": false}, "4": {"execution_time": 0.2528831958770752, "passed": false}, "5": {"execution_time": 0.23407602310180664, "passed": false}, "6": {"execution_time": 0.18947100639343262, "passed": false}, "7": {"execution_time": 0.2635812759399414, "passed": false}, "8": {"execution_time": 0.22428488731384277, "passed": false}, "9": {"execution_time": 0.2070605754852295, "passed": false}, "10": {"execution_time": 0.19273781776428223, "passed": false}, "11": {"execution_time": 0.20656228065490723, "passed": false}}}, "check_style_score": "0/1"}