{"version": "1", "message": "ERROR: Hidden Testcases server unreachable.", "problem_id": "ads2_m6_a1_1", "user_id": "saikiranmaivemula1005", "score": {"sample": {"0": {"execution_time": 0.43010592460632324, "passed": false}, "1": {"execution_time": 0.5595831871032715, "passed": false}, "2": {"execution_time": 0.5238947868347168, "passed": false}, "3": {"execution_time": 0.5871455669403076, "passed": false}, "4": {"execution_time": 0.5788130760192871, "passed": false}, "5": {"execution_time": 0.669752836227417, "passed": false}, "6": {"execution_time": 0.5088140964508057, "passed": true}, "7": {"execution_time": 0.5712668895721436, "passed": false}, "8": {"execution_time": 0.5110325813293457, "passed": true}, "9": {"execution_time": 0.5805740356445312, "passed": false}, "10": {"execution_time": 0.49575352668762207, "passed": true}, "11": {"execution_time": 0.6487681865692139, "passed": false}}}, "check_style_score": "0/1"}