{"version": "1", "message": "ERROR: Hidden Testcases server unreachable.", "problem_id": "ads2_m6_a1_1", "user_id": "saikiranmaivemula1005", "score": {"sample": {"0": {"execution_time": 0.21039628982543945, "passed": false}, "1": {"execution_time": 0.21677207946777344, "passed": false}, "2": {"execution_time": 0.20871305465698242, "passed": false}, "3": {"execution_time": 0.26633334159851074, "passed": false}, "4": {"execution_time": 0.20711302757263184, "passed": false}, "5": {"execution_time": 0.4370429515838623, "passed": false}, "6": {"execution_time": 0.22889137268066406, "passed": false}, "7": {"execution_time": 0.2494645118713379, "passed": false}, "8": {"execution_time": 0.24699091911315918, "passed": false}, "9": {"execution_time": 0.21867990493774414, "passed": false}, "10": {"execution_time": 0.21366238594055176, "passed": false}, "11": {"execution_time": 0.21868348121643066, "passed": false}}}, "check_style_score": "0/1"}