{"version": "1", "message": "ERROR: Hidden Testcases server unreachable.", "problem_id": "ads2_m6_a1_1", "user_id": "saikiranmaivemula1005", "score": {"sample": {"0": {"execution_time": 0.1942605972290039, "passed": false}, "1": {"execution_time": 0.2256791591644287, "passed": false}, "2": {"execution_time": 0.20563769340515137, "passed": false}, "3": {"execution_time": 0.23451447486877441, "passed": false}, "4": {"execution_time": 0.1777327060699463, "passed": false}, "5": {"execution_time": 0.20118975639343262, "passed": false}, "6": {"execution_time": 0.18802094459533691, "passed": false}, "7": {"execution_time": 0.229827880859375, "passed": false}, "8": {"execution_time": 0.20489835739135742, "passed": false}, "9": {"execution_time": 0.18711543083190918, "passed": false}, "10": {"execution_time": 0.20403075218200684, "passed": false}, "11": {"execution_time": 0.23048901557922363, "passed": false}}}, "check_style_score": "0/1"}