{"version": "1", "message": "ERROR: Hidden Testcases server unreachable.", "problem_id": "ads2_m6_a1_1", "user_id": "saikiranmaivemula1005", "score": {"sample": {"0": {"execution_time": 0.21358895301818848, "passed": false}, "1": {"execution_time": 0.2092728614807129, "passed": false}, "2": {"execution_time": 0.22135162353515625, "passed": false}, "3": {"execution_time": 0.1779956817626953, "passed": false}, "4": {"execution_time": 0.20418190956115723, "passed": false}, "5": {"execution_time": 0.2144157886505127, "passed": false}, "6": {"execution_time": 0.20255494117736816, "passed": false}, "7": {"execution_time": 0.23094820976257324, "passed": false}, "8": {"execution_time": 0.28617167472839355, "passed": false}, "9": {"execution_time": 0.19600224494934082, "passed": false}, "10": {"execution_time": 0.21998071670532227, "passed": false}, "11": {"execution_time": 0.22441816329956055, "passed": false}}}, "check_style_score": "0/1"}