{"version": "1", "message": "ERROR: Hidden Testcases server unreachable.", "problem_id": "ads2_m6_a1_1", "user_id": "saikiranmaivemula1005", "score": {"sample": {"0": {"execution_time": 0.19401073455810547, "passed": false}, "1": {"execution_time": 0.22412562370300293, "passed": false}, "2": {"execution_time": 0.23171758651733398, "passed": false}, "3": {"execution_time": 0.2014923095703125, "passed": false}, "4": {"execution_time": 0.18744659423828125, "passed": false}, "5": {"execution_time": 0.19036221504211426, "passed": false}, "6": {"execution_time": 0.22307157516479492, "passed": false}, "7": {"execution_time": 0.20787739753723145, "passed": false}, "8": {"execution_time": 0.19708466529846191, "passed": false}, "9": {"execution_time": 0.1997981071472168, "passed": false}, "10": {"execution_time": 0.20653986930847168, "passed": false}, "11": {"execution_time": 0.20266175270080566, "passed": false}}}, "check_style_score": "0/1"}