{"version": "1", "message": "ERROR: Hidden Testcases server unreachable.", "problem_id": "ads2_m6_a1_1", "user_id": "saikiranmaivemula1005", "score": {"sample": {"0": {"execution_time": 0.7051839828491211, "passed": false}, "1": {"execution_time": 0.2121434211730957, "passed": false}, "2": {"execution_time": 0.1647191047668457, "passed": false}, "3": {"execution_time": 0.18204617500305176, "passed": false}, "4": {"execution_time": 0.15145540237426758, "passed": false}, "5": {"execution_time": 0.18342232704162598, "passed": false}, "6": {"execution_time": 0.16382718086242676, "passed": false}, "7": {"execution_time": 0.17505431175231934, "passed": false}, "8": {"execution_time": 0.18740534782409668, "passed": false}, "9": {"execution_time": 0.13973665237426758, "passed": false}, "10": {"execution_time": 0.14289331436157227, "passed": false}, "11": {"execution_time": 0.14618778228759766, "passed": false}}}, "check_style_score": "0/1"}