{"version": "1", "message": "ERROR: Hidden Testcases server unreachable.", "problem_id": "ads2_m6_a1_1", "user_id": "saikiranmaivemula1005", "score": {"sample": {"0": {"execution_time": 0.7594921588897705, "passed": false}, "1": {"execution_time": 0.3669304847717285, "passed": false}, "2": {"execution_time": 0.31353759765625, "passed": false}, "3": {"execution_time": 0.3607771396636963, "passed": false}, "4": {"execution_time": 0.35892772674560547, "passed": false}, "5": {"execution_time": 0.30185532569885254, "passed": false}, "6": {"execution_time": 0.37027931213378906, "passed": false}, "7": {"execution_time": 0.2887542247772217, "passed": false}, "8": {"execution_time": 0.3380923271179199, "passed": false}, "9": {"execution_time": 0.5716791152954102, "passed": false}, "10": {"execution_time": 0.5158936977386475, "passed": false}, "11": {"execution_time": 0.3249943256378174, "passed": false}}}, "check_style_score": "0/1"}