{"version": "1", "message": "ERROR: Hidden Testcases server unreachable.", "problem_id": "ads2_m6_a1_1", "user_id": "saikiranmaivemula1005", "score": {"sample": {"0": {"execution_time": 0.22562742233276367, "passed": false}, "1": {"execution_time": 0.2203536033630371, "passed": false}, "2": {"execution_time": 0.8322844505310059, "passed": false}, "3": {"execution_time": 0.19528913497924805, "passed": false}, "4": {"execution_time": 0.19924354553222656, "passed": false}, "5": {"execution_time": 0.22054839134216309, "passed": false}, "6": {"execution_time": 0.20387864112854004, "passed": false}, "7": {"execution_time": 0.22559833526611328, "passed": false}, "8": {"execution_time": 0.26247739791870117, "passed": false}, "9": {"execution_time": 0.21303105354309082, "passed": false}, "10": {"execution_time": 0.23214340209960938, "passed": false}, "11": {"execution_time": 0.17560648918151855, "passed": false}}}, "check_style_score": "0/1"}