{"version": "1", "message": "ERROR: Hidden Testcases server unreachable.", "problem_id": "ads2_m6_a1_1", "user_id": "saikiranmaivemula1005", "score": {"sample": {"0": {"execution_time": 0.165635347366333, "passed": false}, "1": {"execution_time": 0.19520354270935059, "passed": false}, "2": {"execution_time": 0.1693572998046875, "passed": false}, "3": {"execution_time": 0.19037270545959473, "passed": false}, "4": {"execution_time": 0.18921256065368652, "passed": false}, "5": {"execution_time": 0.15694308280944824, "passed": false}, "6": {"execution_time": 0.2025163173675537, "passed": false}, "7": {"execution_time": 0.17961788177490234, "passed": false}, "8": {"execution_time": 0.19327068328857422, "passed": false}, "9": {"execution_time": 0.19194841384887695, "passed": false}, "10": {"execution_time": 0.20476841926574707, "passed": false}, "11": {"execution_time": 0.17221546173095703, "passed": false}}}, "check_style_score": "0/1"}