{"version": "1", "message": "ERROR: Hidden Testcases server unreachable.", "problem_id": "ads2_m6_a1_1", "user_id": "saikiranmaivemula1005", "score": {"sample": {"0": {"execution_time": 0.22072076797485352, "passed": false}, "1": {"execution_time": 0.1595759391784668, "passed": false}, "2": {"execution_time": 0.19101214408874512, "passed": false}, "3": {"execution_time": 0.18885016441345215, "passed": false}, "4": {"execution_time": 0.19896578788757324, "passed": false}, "5": {"execution_time": 0.16930651664733887, "passed": false}, "6": {"execution_time": 0.2321016788482666, "passed": false}, "7": {"execution_time": 0.1891036033630371, "passed": false}, "8": {"execution_time": 0.20487308502197266, "passed": false}, "9": {"execution_time": 0.17422223091125488, "passed": false}, "10": {"execution_time": 0.23864984512329102, "passed": false}, "11": {"execution_time": 0.16588902473449707, "passed": false}}}, "check_style_score": "0/1"}