{"version": "1", "message": "ERROR: Hidden Testcases server unreachable.", "problem_id": "ads2_m6_a1_1", "user_id": "saikiranmaivemula1005", "score": {"sample": {"0": {"execution_time": 0.1968681812286377, "passed": false}, "1": {"execution_time": 0.24307537078857422, "passed": false}, "2": {"execution_time": 0.23430275917053223, "passed": false}, "3": {"execution_time": 0.22388076782226562, "passed": false}, "4": {"execution_time": 0.2621433734893799, "passed": false}, "5": {"execution_time": 0.18468904495239258, "passed": false}, "6": {"execution_time": 0.1810755729675293, "passed": false}, "7": {"execution_time": 0.19460463523864746, "passed": false}, "8": {"execution_time": 0.19345331192016602, "passed": false}, "9": {"execution_time": 0.22204208374023438, "passed": false}, "10": {"execution_time": 0.25933122634887695, "passed": false}, "11": {"execution_time": 0.22209477424621582, "passed": false}}}, "check_style_score": "0/1"}