{"version": "1", "message": "ERROR: Hidden Testcases server unreachable.", "problem_id": "ads2_m6_a1_1", "user_id": "saikiranmaivemula1005", "score": {"sample": {"0": {"execution_time": 0.34369587898254395, "passed": false}, "1": {"execution_time": 0.47267651557922363, "passed": false}, "2": {"execution_time": 0.45148301124572754, "passed": false}, "3": {"execution_time": 0.4878089427947998, "passed": false}, "4": {"execution_time": 0.4814748764038086, "passed": false}, "5": {"execution_time": 0.49985456466674805, "passed": false}, "6": {"execution_time": 0.48294997215270996, "passed": false}, "7": {"execution_time": 0.4896731376647949, "passed": false}, "8": {"execution_time": 0.6862788200378418, "passed": false}, "9": {"execution_time": 0.4808213710784912, "passed": false}, "10": {"execution_time": 0.4885728359222412, "passed": false}, "11": {"execution_time": 0.40304017066955566, "passed": false}}}, "check_style_score": "0/1"}