{"version": "1", "message": "ERROR: Hidden Testcases server unreachable.", "problem_id": "ads2_m6_a1_1", "user_id": "saikiranmaivemula1005", "score": {"sample": {"0": {"execution_time": 0.19192910194396973, "passed": false}, "1": {"execution_time": 0.19948983192443848, "passed": false}, "2": {"execution_time": 0.30252623558044434, "passed": false}, "3": {"execution_time": 0.23522162437438965, "passed": false}, "4": {"execution_time": 0.22298884391784668, "passed": false}, "5": {"execution_time": 0.23451733589172363, "passed": false}, "6": {"execution_time": 0.22072386741638184, "passed": false}, "7": {"execution_time": 0.24306845664978027, "passed": false}, "8": {"execution_time": 0.19084620475769043, "passed": false}, "9": {"execution_time": 0.2478935718536377, "passed": false}, "10": {"execution_time": 0.21024656295776367, "passed": false}, "11": {"execution_time": 0.2194981575012207, "passed": false}}}, "check_style_score": "0/1"}