{"version": "1", "message": "ERROR: Hidden Testcases server unreachable.", "problem_id": "ads2_m6_a1_1", "user_id": "saikiranmaivemula1005", "score": {"sample": {"0": {"execution_time": 0.2025611400604248, "passed": false}, "1": {"execution_time": 0.21991539001464844, "passed": false}, "2": {"execution_time": 0.21007204055786133, "passed": false}, "3": {"execution_time": 0.22400641441345215, "passed": false}, "4": {"execution_time": 0.21730422973632812, "passed": false}, "5": {"execution_time": 0.23384928703308105, "passed": false}, "6": {"execution_time": 0.19152474403381348, "passed": false}, "7": {"execution_time": 0.17990469932556152, "passed": false}, "8": {"execution_time": 0.2253119945526123, "passed": false}, "9": {"execution_time": 0.18672657012939453, "passed": false}, "10": {"execution_time": 0.20696735382080078, "passed": false}, "11": {"execution_time": 0.22466707229614258, "passed": false}}}, "check_style_score": "0/1"}