{"version": "1", "message": "ERROR: Hidden Testcases server unreachable.", "problem_id": "ads2_m6_a1_1", "user_id": "saikiranmaivemula1005", "score": {"sample": {"0": {"execution_time": 0.20773673057556152, "passed": false}, "1": {"execution_time": 0.25023674964904785, "passed": false}, "2": {"execution_time": 0.2162764072418213, "passed": false}, "3": {"execution_time": 0.2397902011871338, "passed": false}, "4": {"execution_time": 0.24649906158447266, "passed": false}, "5": {"execution_time": 0.24347329139709473, "passed": false}, "6": {"execution_time": 0.2667255401611328, "passed": false}, "7": {"execution_time": 0.26958131790161133, "passed": false}, "8": {"execution_time": 0.22377252578735352, "passed": false}, "9": {"execution_time": 0.22844552993774414, "passed": false}, "10": {"execution_time": 0.22575759887695312, "passed": false}, "11": {"execution_time": 0.23297905921936035, "passed": false}}}, "check_style_score": "0/1"}