{"version": "1", "message": "ERROR: Hidden Testcases server unreachable.", "problem_id": "ads2_m6_a1_1", "user_id": "saikiranmaivemula1005", "score": {"sample": {"0": {"execution_time": 0.19946694374084473, "passed": false}, "1": {"execution_time": 0.2289285659790039, "passed": false}, "2": {"execution_time": 0.20430779457092285, "passed": false}, "3": {"execution_time": 0.20170164108276367, "passed": false}, "4": {"execution_time": 0.1988534927368164, "passed": false}, "5": {"execution_time": 0.25875186920166016, "passed": false}, "6": {"execution_time": 0.22778677940368652, "passed": false}, "7": {"execution_time": 0.2293238639831543, "passed": false}, "8": {"execution_time": 0.21141362190246582, "passed": false}, "9": {"execution_time": 0.2187638282775879, "passed": false}, "10": {"execution_time": 0.20430970191955566, "passed": false}, "11": {"execution_time": 0.2578096389770508, "passed": false}}}, "check_style_score": "0/1"}