{"version": "1", "message": "ERROR: Hidden Testcases server unreachable.", "problem_id": "ads2_m6_a1_1", "user_id": "saikiranmaivemula1005", "score": {"sample": {"0": {"execution_time": 0.2788209915161133, "passed": false}, "1": {"execution_time": 0.24106764793395996, "passed": false}, "2": {"execution_time": 0.26647496223449707, "passed": false}, "3": {"execution_time": 0.22577118873596191, "passed": false}, "4": {"execution_time": 0.29338574409484863, "passed": false}, "5": {"execution_time": 0.2582690715789795, "passed": false}, "6": {"execution_time": 0.2279665470123291, "passed": false}, "7": {"execution_time": 0.251751184463501, "passed": false}, "8": {"execution_time": 0.21303725242614746, "passed": false}, "9": {"execution_time": 0.2573564052581787, "passed": false}, "10": {"execution_time": 0.26380085945129395, "passed": false}, "11": {"execution_time": 0.22217798233032227, "passed": false}}}, "check_style_score": "0/1"}