{"version": "1", "message": "ERROR: Hidden Testcases server unreachable.", "problem_id": "ads2_m6_a1_1", "user_id": "saikiranmaivemula1005", "score": {"sample": {"0": {"execution_time": 0.19011855125427246, "passed": false}, "1": {"execution_time": 0.20519280433654785, "passed": false}, "2": {"execution_time": 0.1959061622619629, "passed": false}, "3": {"execution_time": 0.18064022064208984, "passed": false}, "4": {"execution_time": 0.18304157257080078, "passed": false}, "5": {"execution_time": 0.19097352027893066, "passed": false}, "6": {"execution_time": 0.17160415649414062, "passed": false}, "7": {"execution_time": 0.14793181419372559, "passed": false}, "8": {"execution_time": 0.20136713981628418, "passed": false}, "9": {"execution_time": 0.16235733032226562, "passed": false}, "10": {"execution_time": 0.22167158126831055, "passed": false}, "11": {"execution_time": 0.20207667350769043, "passed": false}}}, "check_style_score": "0/1"}