{"version": "1", "message": "ERROR: Hidden Testcases server unreachable.", "problem_id": "ads2_m6_a1_1", "user_id": "saikiranmaivemula1005", "score": {"sample": {"0": {"execution_time": 0.18482756614685059, "passed": false}, "1": {"execution_time": 0.18341755867004395, "passed": false}, "2": {"execution_time": 0.23682069778442383, "passed": false}, "3": {"execution_time": 0.20374512672424316, "passed": false}, "4": {"execution_time": 0.18038606643676758, "passed": false}, "5": {"execution_time": 0.17238712310791016, "passed": false}, "6": {"execution_time": 0.18445181846618652, "passed": false}, "7": {"execution_time": 0.20317530632019043, "passed": false}, "8": {"execution_time": 0.19813323020935059, "passed": false}, "9": {"execution_time": 0.1710813045501709, "passed": false}, "10": {"execution_time": 0.198624849319458, "passed": false}, "11": {"execution_time": 0.1802823543548584, "passed": false}}}, "check_style_score": "0/1"}