{"version": "1", "message": "ERROR: Hidden Testcases server unreachable.", "problem_id": "ads2_m6_a1_1", "user_id": "saikiranmaivemula1005", "score": {"sample": {"0": {"execution_time": 0.20725369453430176, "passed": false}, "1": {"execution_time": 0.22048664093017578, "passed": false}, "2": {"execution_time": 0.2409052848815918, "passed": false}, "3": {"execution_time": 0.22181367874145508, "passed": false}, "4": {"execution_time": 0.22374868392944336, "passed": false}, "5": {"execution_time": 0.21013236045837402, "passed": false}, "6": {"execution_time": 0.22318053245544434, "passed": false}, "7": {"execution_time": 0.21684956550598145, "passed": false}, "8": {"execution_time": 0.22113823890686035, "passed": false}, "9": {"execution_time": 0.19634318351745605, "passed": false}, "10": {"execution_time": 0.281888484954834, "passed": false}, "11": {"execution_time": 0.21634531021118164, "passed": false}}}, "check_style_score": "0/1"}