{"version": "1", "message": "ERROR: Hidden Testcases server unreachable.", "problem_id": "ads2_m6_a1_1", "user_id": "saikiranmaivemula1005", "score": {"sample": {"0": {"execution_time": 0.22442245483398438, "passed": false}, "1": {"execution_time": 0.2401273250579834, "passed": false}, "2": {"execution_time": 0.2485814094543457, "passed": false}, "3": {"execution_time": 0.2130279541015625, "passed": false}, "4": {"execution_time": 0.256868839263916, "passed": false}, "5": {"execution_time": 0.22582244873046875, "passed": false}, "6": {"execution_time": 0.25156641006469727, "passed": false}, "7": {"execution_time": 0.21646642684936523, "passed": false}, "8": {"execution_time": 0.22971534729003906, "passed": false}, "9": {"execution_time": 0.30976080894470215, "passed": false}, "10": {"execution_time": 0.29941415786743164, "passed": false}, "11": {"execution_time": 0.2448577880859375, "passed": false}}}, "check_style_score": "0/1"}