{"version": "1", "message": "ERROR: Hidden Testcases server unreachable.", "problem_id": "ads2_m6_a1_1", "user_id": "saikiranmaivemula1005", "score": {"sample": {"0": {"execution_time": 0.27843451499938965, "passed": false}, "1": {"execution_time": 0.5067474842071533, "passed": false}, "2": {"execution_time": 0.4944474697113037, "passed": false}, "3": {"execution_time": 0.49177026748657227, "passed": false}, "4": {"execution_time": 0.4966137409210205, "passed": false}, "5": {"execution_time": 0.4751603603363037, "passed": false}, "6": {"execution_time": 0.46194958686828613, "passed": false}, "7": {"execution_time": 0.5271193981170654, "passed": false}, "8": {"execution_time": 0.48485755920410156, "passed": false}, "9": {"execution_time": 0.5075364112854004, "passed": false}, "10": {"execution_time": 0.43613243103027344, "passed": false}, "11": {"execution_time": 0.42648744583129883, "passed": false}}}, "check_style_score": "0/1"}