{"version": "1", "message": "ERROR: Hidden Testcases server unreachable.", "problem_id": "ads2_m6_a1_1", "user_id": "saikiranmaivemula1005", "score": {"sample": {"0": {"execution_time": 0.15599966049194336, "passed": false}, "1": {"execution_time": 0.15767526626586914, "passed": false}, "2": {"execution_time": 0.2035846710205078, "passed": false}, "3": {"execution_time": 0.1741318702697754, "passed": false}, "4": {"execution_time": 0.14995670318603516, "passed": false}, "5": {"execution_time": 0.1770765781402588, "passed": false}, "6": {"execution_time": 0.27740979194641113, "passed": false}, "7": {"execution_time": 0.15614962577819824, "passed": false}, "8": {"execution_time": 0.1773090362548828, "passed": false}, "9": {"execution_time": 0.1811821460723877, "passed": false}, "10": {"execution_time": 0.17663860321044922, "passed": false}, "11": {"execution_time": 0.16167736053466797, "passed": false}}}, "check_style_score": "0/1"}