{"version": "1", "message": "ERROR: Hidden Testcases server unreachable.", "problem_id": "ads2_m6_a1_1", "user_id": "saikiranmaivemula1005", "score": {"sample": {"0": {"execution_time": 0.21114563941955566, "passed": false}, "1": {"execution_time": 0.24081945419311523, "passed": false}, "2": {"execution_time": 0.262697696685791, "passed": false}, "3": {"execution_time": 0.26001429557800293, "passed": false}, "4": {"execution_time": 0.25885462760925293, "passed": false}, "5": {"execution_time": 0.26521921157836914, "passed": false}, "6": {"execution_time": 0.22352981567382812, "passed": false}, "7": {"execution_time": 0.23458504676818848, "passed": false}, "8": {"execution_time": 0.2442646026611328, "passed": false}, "9": {"execution_time": 0.24745535850524902, "passed": false}, "10": {"execution_time": 0.2212221622467041, "passed": false}, "11": {"execution_time": 0.22454142570495605, "passed": false}}}, "check_style_score": "0/1"}