{"version": "1", "message": "ERROR: Hidden Testcases server unreachable.", "problem_id": "ads2_m6_a1_1", "user_id": "saikiranmaivemula1005", "score": {"sample": {"0": {"execution_time": 0.23153138160705566, "passed": false}, "1": {"execution_time": 0.21448040008544922, "passed": false}, "2": {"execution_time": 0.25245022773742676, "passed": false}, "3": {"execution_time": 0.24856209754943848, "passed": false}, "4": {"execution_time": 0.2311234474182129, "passed": false}, "5": {"execution_time": 0.23194193840026855, "passed": false}, "6": {"execution_time": 0.25392723083496094, "passed": false}, "7": {"execution_time": 0.24132752418518066, "passed": false}, "8": {"execution_time": 0.24428915977478027, "passed": false}, "9": {"execution_time": 0.23070621490478516, "passed": false}, "10": {"execution_time": 0.2535245418548584, "passed": false}, "11": {"execution_time": 0.26215600967407227, "passed": false}}}, "check_style_score": "0/1"}