{"version": "1", "message": "ERROR: Hidden Testcases server unreachable.", "problem_id": "ads2_m4_a1_1", "user_id": "saikiranmaivemula1005", "score": {"sample": {"0": {"execution_time": 0.4305887222290039, "passed": true}, "1": {"execution_time": 0.2803914546966553, "passed": true}, "2": {"execution_time": 0.45006752014160156, "passed": true}, "3": {"execution_time": 0.47536635398864746, "passed": true}, "4": {"execution_time": 0.3474750518798828, "passed": true}, "5": {"execution_time": 0.3281741142272949, "passed": true}, "6": {"execution_time": 0.3687758445739746, "passed": true}, "7": {"execution_time": 0.3501412868499756, "passed": true}, "8": {"execution_time": 0.34107065200805664, "passed": true}, "9": {"execution_time": 0.3153073787689209, "passed": false}, "10": {"execution_time": 0.32567262649536133, "passed": false}, "11": {"execution_time": 0.3587992191314697, "passed": true}, "12": {"execution_time": 0.3254568576812744, "passed": true}, "13": {"execution_time": 10.078563451766968, "passed": false}, "14": {"execution_time": 0.3079228401184082, "passed": false}}}, "check_style_score": "0/1"}