{"version": "1", "message": "ERROR: Hidden Testcases server unreachable.", "problem_id": "ads2_m4_a1_1", "user_id": "saikiranmaivemula1005", "score": {"sample": {"0": {"execution_time": 0.21889710426330566, "passed": true}, "1": {"execution_time": 0.23294448852539062, "passed": true}, "2": {"execution_time": 0.23349213600158691, "passed": true}, "3": {"execution_time": 0.3220088481903076, "passed": true}, "4": {"execution_time": 0.20976495742797852, "passed": true}, "5": {"execution_time": 0.23820209503173828, "passed": true}, "6": {"execution_time": 0.2083888053894043, "passed": true}, "7": {"execution_time": 0.2072744369506836, "passed": true}, "8": {"execution_time": 0.22061562538146973, "passed": true}, "9": {"execution_time": 0.20226478576660156, "passed": true}, "10": {"execution_time": 0.19886231422424316, "passed": true}, "11": {"execution_time": 0.19217658042907715, "passed": true}, "12": {"execution_time": 0.6870367527008057, "passed": true}, "13": {"execution_time": 0.8693723678588867, "passed": true}, "14": {"execution_time": 0.2115478515625, "passed": true}}}, "check_style_score": "0/1"}