{"version": "1", "message": "ERROR: Hidden Testcases server unreachable.", "problem_id": "ads2_m4_a1_1", "user_id": "saikiranmaivemula1005", "score": {"sample": {"0": {"execution_time": 0.1871199607849121, "passed": false}, "1": {"execution_time": 0.1884326934814453, "passed": false}, "2": {"execution_time": 0.19535517692565918, "passed": false}, "3": {"execution_time": 0.19952154159545898, "passed": false}, "4": {"execution_time": 0.1576063632965088, "passed": false}, "5": {"execution_time": 0.17873096466064453, "passed": false}, "6": {"execution_time": 0.1792747974395752, "passed": false}, "7": {"execution_time": 0.23702359199523926, "passed": false}, "8": {"execution_time": 0.21814513206481934, "passed": false}, "9": {"execution_time": 0.21055936813354492, "passed": false}, "10": {"execution_time": 0.2066969871520996, "passed": false}, "11": {"execution_time": 0.2095639705657959, "passed": false}, "12": {"execution_time": 0.3582606315612793, "passed": false}, "13": {"execution_time": 0.21634268760681152, "passed": false}, "14": {"execution_time": 0.20250153541564941, "passed": false}}}, "check_style_score": "0/1"}