{"version": "1", "message": "ERROR: Hidden Testcases server unreachable.", "problem_id": "ads2_m4_a1_1", "user_id": "saikiranmaivemula1005", "score": {"sample": {"0": {"execution_time": 0.32808589935302734, "passed": true}, "1": {"execution_time": 0.3061635494232178, "passed": false}, "2": {"execution_time": 0.4586172103881836, "passed": false}, "3": {"execution_time": 0.37729525566101074, "passed": false}, "4": {"execution_time": 0.3202974796295166, "passed": true}, "5": {"execution_time": 0.3776431083679199, "passed": true}, "6": {"execution_time": 0.30556750297546387, "passed": true}, "7": {"execution_time": 0.4393765926361084, "passed": true}, "8": {"execution_time": 0.3836643695831299, "passed": true}, "9": {"execution_time": 0.39547157287597656, "passed": true}, "10": {"execution_time": 0.2978999614715576, "passed": true}, "11": {"execution_time": 0.43845486640930176, "passed": true}, "12": {"execution_time": 0.3081345558166504, "passed": true}, "13": {"execution_time": 10.072012901306152, "passed": false}, "14": {"execution_time": 0.3154902458190918, "passed": true}}}, "check_style_score": "0/1"}