{"version": "1", "message": "ERROR: Hidden Testcases server unreachable.", "problem_id": "ads2_m4_a1_1", "user_id": "saikiranmaivemula1005", "score": {"sample": {"0": {"execution_time": 0.27529239654541016, "passed": true}, "1": {"execution_time": 0.24806475639343262, "passed": true}, "2": {"execution_time": 0.5283401012420654, "passed": true}, "3": {"execution_time": 0.23195958137512207, "passed": true}, "4": {"execution_time": 0.24449849128723145, "passed": true}, "5": {"execution_time": 0.178025484085083, "passed": true}, "6": {"execution_time": 0.20683860778808594, "passed": true}, "7": {"execution_time": 0.23475098609924316, "passed": true}, "8": {"execution_time": 1.0418145656585693, "passed": true}, "9": {"execution_time": 0.22352886199951172, "passed": true}, "10": {"execution_time": 0.2003951072692871, "passed": true}, "11": {"execution_time": 0.21244144439697266, "passed": true}, "12": {"execution_time": 0.19804024696350098, "passed": true}, "13": {"execution_time": 0.9389116764068604, "passed": true}, "14": {"execution_time": 0.1876237392425537, "passed": true}}}, "check_style_score": "0/1"}