{"version": "1", "message": "ERROR: Hidden Testcases server unreachable.", "problem_id": "ads2_m4_a1_1", "user_id": "saikiranmaivemula1005", "score": {"sample": {"0": {"execution_time": 0.18411898612976074, "passed": false}, "1": {"execution_time": 0.23792290687561035, "passed": false}, "2": {"execution_time": 0.1639411449432373, "passed": false}, "3": {"execution_time": 0.20105290412902832, "passed": false}, "4": {"execution_time": 0.2160944938659668, "passed": false}, "5": {"execution_time": 0.15079259872436523, "passed": false}, "6": {"execution_time": 0.21324729919433594, "passed": false}, "7": {"execution_time": 0.17861604690551758, "passed": false}, "8": {"execution_time": 0.23483705520629883, "passed": false}, "9": {"execution_time": 0.188584566116333, "passed": false}, "10": {"execution_time": 0.225691556930542, "passed": false}, "11": {"execution_time": 0.20665574073791504, "passed": false}, "12": {"execution_time": 0.21303653717041016, "passed": false}, "13": {"execution_time": 0.20783782005310059, "passed": false}, "14": {"execution_time": 0.19767308235168457, "passed": false}}}, "check_style_score": "0/1"}