{"version": "1", "message": "ERROR: Hidden Testcases server unreachable.", "problem_id": "ads2_m4_a1_1", "user_id": "saikiranmaivemula1005", "score": {"sample": {"0": {"execution_time": 0.2494983673095703, "passed": true}, "1": {"execution_time": 0.20135164260864258, "passed": true}, "2": {"execution_time": 0.26633214950561523, "passed": true}, "3": {"execution_time": 0.262493371963501, "passed": true}, "4": {"execution_time": 0.19868135452270508, "passed": true}, "5": {"execution_time": 0.2344348430633545, "passed": true}, "6": {"execution_time": 0.21712684631347656, "passed": true}, "7": {"execution_time": 0.20621633529663086, "passed": true}, "8": {"execution_time": 0.2663755416870117, "passed": true}, "9": {"execution_time": 0.1880648136138916, "passed": true}, "10": {"execution_time": 0.2083587646484375, "passed": true}, "11": {"execution_time": 0.20447492599487305, "passed": true}, "12": {"execution_time": 0.18861722946166992, "passed": true}, "13": {"execution_time": 0.8941135406494141, "passed": true}, "14": {"execution_time": 0.29163146018981934, "passed": true}}}, "check_style_score": "0/1"}