{"version": "1", "message": "ERROR: Hidden Testcases server unreachable.", "problem_id": "ads2_m4_a1_1", "user_id": "saikiranmaivemula1005", "score": {"sample": {"0": {"execution_time": 0.42414140701293945, "passed": true}, "1": {"execution_time": 0.3846604824066162, "passed": true}, "2": {"execution_time": 0.3446316719055176, "passed": true}, "3": {"execution_time": 0.400454044342041, "passed": true}, "4": {"execution_time": 0.31940555572509766, "passed": true}, "5": {"execution_time": 0.34378552436828613, "passed": true}, "6": {"execution_time": 0.43070173263549805, "passed": true}, "7": {"execution_time": 0.2639789581298828, "passed": true}, "8": {"execution_time": 1.2149999141693115, "passed": true}, "9": {"execution_time": 0.3126397132873535, "passed": true}, "10": {"execution_time": 0.3959839344024658, "passed": true}, "11": {"execution_time": 0.26813626289367676, "passed": true}, "12": {"execution_time": 0.2950620651245117, "passed": true}, "13": {"execution_time": 1.1612467765808105, "passed": true}, "14": {"execution_time": 0.2842726707458496, "passed": true}}}, "check_style_score": "0/1"}