{"version": "1", "message": "ERROR: Hidden Testcases server unreachable.", "problem_id": "ads2_m4_a1_1", "user_id": "saikiranmaivemula1005", "score": {"sample": {"0": {"execution_time": 0.32295942306518555, "passed": true}, "1": {"execution_time": 0.3193831443786621, "passed": true}, "2": {"execution_time": 0.44167494773864746, "passed": true}, "3": {"execution_time": 0.4400954246520996, "passed": true}, "4": {"execution_time": 0.32622623443603516, "passed": true}, "5": {"execution_time": 0.33228063583374023, "passed": true}, "6": {"execution_time": 0.38665342330932617, "passed": true}, "7": {"execution_time": 0.30710458755493164, "passed": true}, "8": {"execution_time": 0.33806467056274414, "passed": true}, "9": {"execution_time": 0.43375658988952637, "passed": false}, "10": {"execution_time": 0.3818216323852539, "passed": false}, "11": {"execution_time": 0.3148975372314453, "passed": true}, "12": {"execution_time": 0.2940809726715088, "passed": true}, "13": {"execution_time": 10.061101198196411, "passed": false}, "14": {"execution_time": 0.2836580276489258, "passed": true}}}, "check_style_score": "0/1"}