{"version": "1", "message": "ERROR: Hidden Testcases server unreachable.", "problem_id": "ads2_m4_a1_1", "user_id": "saikiranmaivemula1005", "score": {"sample": {"0": {"execution_time": 0.29143786430358887, "passed": true}, "1": {"execution_time": 0.3392181396484375, "passed": false}, "2": {"execution_time": 0.38579344749450684, "passed": false}, "3": {"execution_time": 0.41303038597106934, "passed": false}, "4": {"execution_time": 0.3295705318450928, "passed": false}, "5": {"execution_time": 0.3578660488128662, "passed": false}, "6": {"execution_time": 0.30414581298828125, "passed": false}, "7": {"execution_time": 0.3124656677246094, "passed": false}, "8": {"execution_time": 0.36992359161376953, "passed": true}, "9": {"execution_time": 0.31780004501342773, "passed": false}, "10": {"execution_time": 0.35410618782043457, "passed": false}, "11": {"execution_time": 0.3494901657104492, "passed": false}, "12": {"execution_time": 0.29036664962768555, "passed": false}, "13": {"execution_time": 10.052539110183716, "passed": false}, "14": {"execution_time": 0.27211904525756836, "passed": false}}}, "check_style_score": "0/1"}