{"version": "1", "message": "ERROR: Hidden Testcases server unreachable.", "problem_id": "ads2_m4_a1_1", "user_id": "saikiranmaivemula1005", "score": {"sample": {"0": {"execution_time": 0.24612760543823242, "passed": true}, "1": {"execution_time": 0.25919508934020996, "passed": true}, "2": {"execution_time": 0.2355034351348877, "passed": true}, "3": {"execution_time": 0.24697136878967285, "passed": true}, "4": {"execution_time": 0.2151193618774414, "passed": true}, "5": {"execution_time": 0.23694872856140137, "passed": true}, "6": {"execution_time": 0.19478893280029297, "passed": true}, "7": {"execution_time": 0.1876511573791504, "passed": true}, "8": {"execution_time": 0.24822592735290527, "passed": true}, "9": {"execution_time": 0.18734121322631836, "passed": true}, "10": {"execution_time": 0.1958169937133789, "passed": true}, "11": {"execution_time": 0.19182682037353516, "passed": true}, "12": {"execution_time": 0.18814373016357422, "passed": true}, "13": {"execution_time": 0.8300304412841797, "passed": true}, "14": {"execution_time": 0.19910693168640137, "passed": true}}}, "check_style_score": "0/1"}