{"version": "1", "message": "ERROR: Hidden Testcases server unreachable.", "problem_id": "ads2_m4_a1_1", "user_id": "saikiranmaivemula1005", "score": {"sample": {"0": {"execution_time": 0.23585891723632812, "passed": true}, "1": {"execution_time": 0.2757134437561035, "passed": true}, "2": {"execution_time": 0.22243618965148926, "passed": true}, "3": {"execution_time": 0.2414240837097168, "passed": true}, "4": {"execution_time": 0.17693853378295898, "passed": true}, "5": {"execution_time": 0.21361970901489258, "passed": true}, "6": {"execution_time": 0.2108447551727295, "passed": true}, "7": {"execution_time": 0.23831629753112793, "passed": true}, "8": {"execution_time": 0.21860241889953613, "passed": true}, "9": {"execution_time": 0.21338939666748047, "passed": true}, "10": {"execution_time": 0.15145206451416016, "passed": true}, "11": {"execution_time": 0.18964171409606934, "passed": true}, "12": {"execution_time": 0.16541409492492676, "passed": true}, "13": {"execution_time": 0.8838214874267578, "passed": true}, "14": {"execution_time": 0.1908862590789795, "passed": true}}}, "check_style_score": "0/1"}