{"version": "1", "message": "ERROR: Hidden Testcases server unreachable.", "problem_id": "ads2_m4_a1_1", "user_id": "saikiranmaivemula1005", "score": {"sample": {"0": {"execution_time": 0.22786641120910645, "passed": true}, "1": {"execution_time": 0.2287430763244629, "passed": true}, "2": {"execution_time": 0.25891733169555664, "passed": true}, "3": {"execution_time": 0.29104113578796387, "passed": true}, "4": {"execution_time": 0.16640830039978027, "passed": true}, "5": {"execution_time": 0.2348637580871582, "passed": true}, "6": {"execution_time": 0.22461366653442383, "passed": true}, "7": {"execution_time": 0.19853949546813965, "passed": true}, "8": {"execution_time": 0.2280580997467041, "passed": true}, "9": {"execution_time": 0.205674409866333, "passed": true}, "10": {"execution_time": 0.15715765953063965, "passed": true}, "11": {"execution_time": 0.197951078414917, "passed": true}, "12": {"execution_time": 0.18061280250549316, "passed": true}, "13": {"execution_time": 0.8433077335357666, "passed": true}, "14": {"execution_time": 0.14800357818603516, "passed": true}}}, "check_style_score": "0/1"}