{"version": "1", "message": "ERROR: Hidden Testcases server unreachable.", "problem_id": "ads2_m4_a1_1", "user_id": "saikiranmaivemula1005", "score": {"sample": {"0": {"execution_time": 0.43354034423828125, "passed": true}, "1": {"execution_time": 0.3699350357055664, "passed": true}, "2": {"execution_time": 0.42420244216918945, "passed": true}, "3": {"execution_time": 0.3808925151824951, "passed": true}, "4": {"execution_time": 0.349545955657959, "passed": true}, "5": {"execution_time": 0.32773447036743164, "passed": true}, "6": {"execution_time": 0.4099588394165039, "passed": true}, "7": {"execution_time": 0.4012258052825928, "passed": true}, "8": {"execution_time": 0.3480966091156006, "passed": true}, "9": {"execution_time": 0.3605527877807617, "passed": false}, "10": {"execution_time": 0.3759012222290039, "passed": false}, "11": {"execution_time": 0.3163187503814697, "passed": true}, "12": {"execution_time": 0.2983574867248535, "passed": true}, "13": {"execution_time": 10.049744606018066, "passed": false}, "14": {"execution_time": 0.28993964195251465, "passed": false}}}, "check_style_score": "0/1"}