{"version": "1", "message": "ERROR: Hidden Testcases server unreachable.", "problem_id": "ads2_m4_a1_1", "user_id": "saikiranmaivemula1005", "score": {"sample": {"0": {"execution_time": 0.24840068817138672, "passed": false}, "1": {"execution_time": 0.32071948051452637, "passed": false}, "2": {"execution_time": 0.37146711349487305, "passed": false}, "3": {"execution_time": 0.4277923107147217, "passed": false}, "4": {"execution_time": 0.28745532035827637, "passed": false}, "5": {"execution_time": 0.3480677604675293, "passed": false}, "6": {"execution_time": 0.3218569755554199, "passed": false}, "7": {"execution_time": 0.336658239364624, "passed": false}, "8": {"execution_time": 0.323148250579834, "passed": false}, "9": {"execution_time": 0.36553049087524414, "passed": false}, "10": {"execution_time": 0.34194207191467285, "passed": false}, "11": {"execution_time": 0.36321377754211426, "passed": false}, "12": {"execution_time": 0.4848048686981201, "passed": false}, "13": {"execution_time": 0.9935882091522217, "passed": false}, "14": {"execution_time": 0.3059844970703125, "passed": false}}}, "check_style_score": "0/1"}