{"version": "1", "message": "ERROR: Hidden Testcases server unreachable.", "problem_id": "ads2_m4_a1_1", "user_id": "saikiranmaivemula1005", "score": {"sample": {"0": {"execution_time": 0.3136403560638428, "passed": true}, "1": {"execution_time": 0.30666160583496094, "passed": true}, "2": {"execution_time": 0.4493260383605957, "passed": true}, "3": {"execution_time": 0.3242025375366211, "passed": true}, "4": {"execution_time": 0.3272533416748047, "passed": true}, "5": {"execution_time": 0.3187367916107178, "passed": true}, "6": {"execution_time": 0.3402080535888672, "passed": true}, "7": {"execution_time": 0.31640195846557617, "passed": true}, "8": {"execution_time": 0.34855079650878906, "passed": true}, "9": {"execution_time": 0.268695592880249, "passed": true}, "10": {"execution_time": 0.3486800193786621, "passed": true}, "11": {"execution_time": 0.2659733295440674, "passed": true}, "12": {"execution_time": 0.3046863079071045, "passed": true}, "13": {"execution_time": 1.0633375644683838, "passed": true}, "14": {"execution_time": 0.30007147789001465, "passed": true}}}, "check_style_score": "0/1"}