{"version": "1", "message": "ERROR: Hidden Testcases server unreachable.", "problem_id": "ads2_m4_a1_1", "user_id": "saikiranmaivemula1005", "score": {"sample": {"0": {"execution_time": 0.26615381240844727, "passed": true}, "1": {"execution_time": 0.219207763671875, "passed": true}, "2": {"execution_time": 0.27939796447753906, "passed": true}, "3": {"execution_time": 0.35941195487976074, "passed": true}, "4": {"execution_time": 0.18927717208862305, "passed": true}, "5": {"execution_time": 0.1898658275604248, "passed": true}, "6": {"execution_time": 0.21402716636657715, "passed": true}, "7": {"execution_time": 0.2176351547241211, "passed": true}, "8": {"execution_time": 0.20248937606811523, "passed": true}, "9": {"execution_time": 0.250075101852417, "passed": true}, "10": {"execution_time": 0.26195383071899414, "passed": true}, "11": {"execution_time": 0.24151349067687988, "passed": true}, "12": {"execution_time": 0.1817927360534668, "passed": true}, "13": {"execution_time": 0.9373323917388916, "passed": true}, "14": {"execution_time": 0.18857860565185547, "passed": true}}}, "check_style_score": "0/1"}