{"version": "1", "message": "ERROR: Hidden Testcases server unreachable.", "problem_id": "ads2_m4_a1_1", "user_id": "saikiranmaivemula1005", "score": {"sample": {"0": {"execution_time": 0.23731088638305664, "passed": true}, "1": {"execution_time": 0.24091672897338867, "passed": true}, "2": {"execution_time": 0.21628212928771973, "passed": true}, "3": {"execution_time": 0.25795769691467285, "passed": true}, "4": {"execution_time": 0.1650242805480957, "passed": true}, "5": {"execution_time": 0.22605562210083008, "passed": true}, "6": {"execution_time": 0.18536615371704102, "passed": true}, "7": {"execution_time": 0.25754618644714355, "passed": true}, "8": {"execution_time": 0.21734166145324707, "passed": true}, "9": {"execution_time": 0.21035408973693848, "passed": true}, "10": {"execution_time": 0.20037555694580078, "passed": true}, "11": {"execution_time": 0.20508718490600586, "passed": true}, "12": {"execution_time": 0.20038700103759766, "passed": true}, "13": {"execution_time": 0.8694877624511719, "passed": true}, "14": {"execution_time": 0.1780548095703125, "passed": true}}}, "check_style_score": "0/1"}