{"version": "1", "message": "ERROR: Hidden Testcases server unreachable.", "problem_id": "ads2_m4_a1_1", "user_id": "saikiranmaivemula1005", "score": {"sample": {"0": {"execution_time": 0.22393035888671875, "passed": true}, "1": {"execution_time": 0.2476062774658203, "passed": true}, "2": {"execution_time": 0.27048397064208984, "passed": true}, "3": {"execution_time": 0.22687697410583496, "passed": true}, "4": {"execution_time": 0.18790364265441895, "passed": true}, "5": {"execution_time": 0.22706246376037598, "passed": true}, "6": {"execution_time": 0.19615411758422852, "passed": true}, "7": {"execution_time": 0.2100818157196045, "passed": true}, "8": {"execution_time": 0.2503235340118408, "passed": true}, "9": {"execution_time": 0.18764376640319824, "passed": true}, "10": {"execution_time": 0.19849610328674316, "passed": true}, "11": {"execution_time": 0.2277674674987793, "passed": true}, "12": {"execution_time": 0.22208595275878906, "passed": true}, "13": {"execution_time": 0.8275601863861084, "passed": true}, "14": {"execution_time": 0.1657881736755371, "passed": true}}}, "check_style_score": "0/1"}