{"version": "1", "message": "ERROR: Hidden Testcases server unreachable.", "problem_id": "ads2_m4_a1_1", "user_id": "saikiranmaivemula1005", "score": {"sample": {"0": {"execution_time": 0.2233726978302002, "passed": true}, "1": {"execution_time": 0.21515321731567383, "passed": true}, "2": {"execution_time": 0.2817556858062744, "passed": true}, "3": {"execution_time": 0.26583003997802734, "passed": true}, "4": {"execution_time": 0.20126938819885254, "passed": true}, "5": {"execution_time": 0.2228395938873291, "passed": true}, "6": {"execution_time": 0.18738198280334473, "passed": true}, "7": {"execution_time": 0.25649285316467285, "passed": true}, "8": {"execution_time": 0.22820258140563965, "passed": true}, "9": {"execution_time": 0.20697569847106934, "passed": true}, "10": {"execution_time": 0.19407105445861816, "passed": true}, "11": {"execution_time": 0.16875147819519043, "passed": true}, "12": {"execution_time": 0.21486496925354004, "passed": true}, "13": {"execution_time": 0.8512694835662842, "passed": true}, "14": {"execution_time": 0.2083740234375, "passed": true}}}, "check_style_score": "0/1"}