{"version": "1", "message": "ERROR: Hidden Testcases server unreachable.", "problem_id": "ads2_m4_a1_1", "user_id": "saikiranmaivemula1005", "score": {"sample": {"0": {"execution_time": 0.2365269660949707, "passed": true}, "1": {"execution_time": 0.20986080169677734, "passed": true}, "2": {"execution_time": 0.26557493209838867, "passed": true}, "3": {"execution_time": 0.2512366771697998, "passed": true}, "4": {"execution_time": 0.18214750289916992, "passed": true}, "5": {"execution_time": 0.1929488182067871, "passed": true}, "6": {"execution_time": 0.20222949981689453, "passed": true}, "7": {"execution_time": 0.2323925495147705, "passed": true}, "8": {"execution_time": 0.27413296699523926, "passed": true}, "9": {"execution_time": 0.18047738075256348, "passed": true}, "10": {"execution_time": 0.18166351318359375, "passed": true}, "11": {"execution_time": 0.18542742729187012, "passed": true}, "12": {"execution_time": 0.19998455047607422, "passed": true}, "13": {"execution_time": 0.9808716773986816, "passed": true}, "14": {"execution_time": 0.20556116104125977, "passed": true}}}, "check_style_score": "0/1"}