{"version": "1", "message": "ERROR: Hidden Testcases server unreachable.", "problem_id": "ads2_m4_a1_1", "user_id": "saikiranmaivemula1005", "score": {"sample": {"0": {"execution_time": 0.413440465927124, "passed": true}, "1": {"execution_time": 0.3341217041015625, "passed": false}, "2": {"execution_time": 0.40242981910705566, "passed": false}, "3": {"execution_time": 0.4651503562927246, "passed": false}, "4": {"execution_time": 0.475067138671875, "passed": false}, "5": {"execution_time": 0.3013427257537842, "passed": false}, "6": {"execution_time": 0.33904051780700684, "passed": false}, "7": {"execution_time": 0.33624815940856934, "passed": false}, "8": {"execution_time": 0.4197351932525635, "passed": true}, "9": {"execution_time": 0.39661383628845215, "passed": false}, "10": {"execution_time": 0.3219594955444336, "passed": false}, "11": {"execution_time": 0.328981876373291, "passed": false}, "12": {"execution_time": 0.3268318176269531, "passed": false}, "13": {"execution_time": 10.082741260528564, "passed": false}, "14": {"execution_time": 0.26130175590515137, "passed": false}}}, "check_style_score": "0/1"}