{"version": "1", "message": "ERROR: Hidden Testcases server unreachable.", "problem_id": "ads2_m4_a1_1", "user_id": "saikiranmaivemula1005", "score": {"sample": {"0": {"execution_time": 0.23923492431640625, "passed": true}, "1": {"execution_time": 0.29494404792785645, "passed": true}, "2": {"execution_time": 0.21200013160705566, "passed": true}, "3": {"execution_time": 0.2691457271575928, "passed": true}, "4": {"execution_time": 0.2443225383758545, "passed": true}, "5": {"execution_time": 0.21186518669128418, "passed": true}, "6": {"execution_time": 0.23346757888793945, "passed": true}, "7": {"execution_time": 0.20855212211608887, "passed": true}, "8": {"execution_time": 0.22297406196594238, "passed": true}, "9": {"execution_time": 0.2126607894897461, "passed": true}, "10": {"execution_time": 0.1837310791015625, "passed": true}, "11": {"execution_time": 0.18988442420959473, "passed": true}, "12": {"execution_time": 0.23839926719665527, "passed": true}, "13": {"execution_time": 0.9355869293212891, "passed": true}, "14": {"execution_time": 0.15574359893798828, "passed": true}}}, "check_style_score": "0/1"}