{"version": "1", "message": "ERROR: Hidden Testcases server unreachable.", "problem_id": "ads2_m4_a1_1", "user_id": "saikiranmaivemula1005", "score": {"sample": {"0": {"execution_time": 0.36681532859802246, "passed": true}, "1": {"execution_time": 0.3942296504974365, "passed": true}, "2": {"execution_time": 0.4225640296936035, "passed": true}, "3": {"execution_time": 0.43602657318115234, "passed": true}, "4": {"execution_time": 0.35306835174560547, "passed": true}, "5": {"execution_time": 0.4466404914855957, "passed": true}, "6": {"execution_time": 0.30658578872680664, "passed": true}, "7": {"execution_time": 0.28489184379577637, "passed": true}, "8": {"execution_time": 0.32935333251953125, "passed": true}, "9": {"execution_time": 0.3225100040435791, "passed": false}, "10": {"execution_time": 0.30217742919921875, "passed": false}, "11": {"execution_time": 0.31336069107055664, "passed": true}, "12": {"execution_time": 0.2974982261657715, "passed": true}, "13": {"execution_time": 10.077147006988525, "passed": false}, "14": {"execution_time": 0.4216132164001465, "passed": true}}}, "check_style_score": "0/1"}