{"version": "1", "message": "ERROR: Hidden Testcases server unreachable.", "problem_id": "ads2_m4_a1_1", "user_id": "saikiranmaivemula1005", "score": {"sample": {"0": {"execution_time": 0.25739288330078125, "passed": true}, "1": {"execution_time": 0.2102823257446289, "passed": true}, "2": {"execution_time": 0.26386570930480957, "passed": true}, "3": {"execution_time": 0.24239468574523926, "passed": true}, "4": {"execution_time": 0.23984408378601074, "passed": true}, "5": {"execution_time": 0.21854019165039062, "passed": true}, "6": {"execution_time": 0.2197864055633545, "passed": true}, "7": {"execution_time": 0.21646928787231445, "passed": true}, "8": {"execution_time": 0.23376226425170898, "passed": true}, "9": {"execution_time": 0.24709701538085938, "passed": true}, "10": {"execution_time": 0.2084946632385254, "passed": true}, "11": {"execution_time": 0.18439650535583496, "passed": true}, "12": {"execution_time": 0.21417760848999023, "passed": true}, "13": {"execution_time": 0.9677629470825195, "passed": true}, "14": {"execution_time": 0.20266008377075195, "passed": true}}}, "check_style_score": "0/1"}