{"version": "1", "message": "ERROR: Hidden Testcases server unreachable.", "problem_id": "ads2_m4_a1_1", "user_id": "saikiranmaivemula1005", "score": {"sample": {"0": {"execution_time": 0.20438790321350098, "passed": false}, "1": {"execution_time": 0.2059483528137207, "passed": false}, "2": {"execution_time": 0.2218782901763916, "passed": false}, "3": {"execution_time": 0.15799546241760254, "passed": false}, "4": {"execution_time": 0.15158486366271973, "passed": false}, "5": {"execution_time": 0.18100357055664062, "passed": false}, "6": {"execution_time": 0.22475051879882812, "passed": false}, "7": {"execution_time": 0.18085122108459473, "passed": false}, "8": {"execution_time": 0.19650745391845703, "passed": false}, "9": {"execution_time": 0.21535134315490723, "passed": false}, "10": {"execution_time": 0.21514606475830078, "passed": false}, "11": {"execution_time": 0.21363210678100586, "passed": false}, "12": {"execution_time": 0.30581068992614746, "passed": false}, "13": {"execution_time": 0.17660021781921387, "passed": false}, "14": {"execution_time": 0.19565343856811523, "passed": false}}}, "check_style_score": "0/1"}