{"version": "1", "message": "ERROR: Hidden Testcases server unreachable.", "problem_id": "ads2_m4_a1_1", "user_id": "saikiranmaivemula1005", "score": {"sample": {"0": {"execution_time": 0.38297271728515625, "passed": true}, "1": {"execution_time": 0.3663368225097656, "passed": true}, "2": {"execution_time": 0.397158145904541, "passed": true}, "3": {"execution_time": 0.4530801773071289, "passed": true}, "4": {"execution_time": 0.31188488006591797, "passed": true}, "5": {"execution_time": 0.38259029388427734, "passed": true}, "6": {"execution_time": 0.2961287498474121, "passed": true}, "7": {"execution_time": 0.309584379196167, "passed": true}, "8": {"execution_time": 0.32871556282043457, "passed": true}, "9": {"execution_time": 0.31656718254089355, "passed": true}, "10": {"execution_time": 0.38132548332214355, "passed": true}, "11": {"execution_time": 0.3066389560699463, "passed": true}, "12": {"execution_time": 0.29243993759155273, "passed": true}, "13": {"execution_time": 10.06732988357544, "passed": false}, "14": {"execution_time": 0.29102444648742676, "passed": true}}}, "check_style_score": "0/1"}