{"version": "1", "message": "ERROR: Hidden Testcases server unreachable.", "problem_id": "ads2_m4_a1_1", "user_id": "saikiranmaivemula1005", "score": {"sample": {"0": {"execution_time": 0.35451841354370117, "passed": true}, "1": {"execution_time": 0.2801079750061035, "passed": true}, "2": {"execution_time": 0.39617347717285156, "passed": true}, "3": {"execution_time": 0.38074469566345215, "passed": true}, "4": {"execution_time": 0.38041186332702637, "passed": true}, "5": {"execution_time": 0.31188511848449707, "passed": true}, "6": {"execution_time": 0.33043980598449707, "passed": true}, "7": {"execution_time": 0.30333471298217773, "passed": true}, "8": {"execution_time": 0.3567817211151123, "passed": true}, "9": {"execution_time": 0.3246917724609375, "passed": true}, "10": {"execution_time": 0.2881002426147461, "passed": true}, "11": {"execution_time": 0.33550047874450684, "passed": true}, "12": {"execution_time": 0.24182820320129395, "passed": true}, "13": {"execution_time": 1.5484166145324707, "passed": true}, "14": {"execution_time": 0.3215043544769287, "passed": true}}}, "check_style_score": "0/1"}