{"version": "1", "message": "ERROR: Hidden Testcases server unreachable.", "problem_id": "ads2_m4_a1_1", "user_id": "saikiranmaivemula1005", "score": {"sample": {"0": {"execution_time": 0.2288517951965332, "passed": true}, "1": {"execution_time": 0.20432019233703613, "passed": true}, "2": {"execution_time": 0.2461838722229004, "passed": true}, "3": {"execution_time": 0.2706429958343506, "passed": true}, "4": {"execution_time": 0.23917317390441895, "passed": true}, "5": {"execution_time": 0.2221972942352295, "passed": true}, "6": {"execution_time": 0.22154808044433594, "passed": true}, "7": {"execution_time": 0.2801375389099121, "passed": true}, "8": {"execution_time": 0.22120928764343262, "passed": true}, "9": {"execution_time": 0.19828033447265625, "passed": true}, "10": {"execution_time": 0.15677547454833984, "passed": true}, "11": {"execution_time": 0.20769929885864258, "passed": true}, "12": {"execution_time": 0.1958470344543457, "passed": true}, "13": {"execution_time": 0.8567073345184326, "passed": true}, "14": {"execution_time": 0.19908857345581055, "passed": true}}}, "check_style_score": "0/1"}