{"version": "1", "message": "ERROR: Hidden Testcases server unreachable.", "problem_id": "ads2_m4_a1_1", "user_id": "saikiranmaivemula1005", "score": {"sample": {"0": {"execution_time": 0.2282099723815918, "passed": true}, "1": {"execution_time": 0.22703766822814941, "passed": true}, "2": {"execution_time": 0.28067708015441895, "passed": true}, "3": {"execution_time": 0.31823039054870605, "passed": true}, "4": {"execution_time": 0.27205848693847656, "passed": true}, "5": {"execution_time": 0.20267248153686523, "passed": true}, "6": {"execution_time": 0.2633969783782959, "passed": true}, "7": {"execution_time": 0.17980217933654785, "passed": true}, "8": {"execution_time": 0.25954365730285645, "passed": true}, "9": {"execution_time": 0.24630379676818848, "passed": false}, "10": {"execution_time": 0.2909071445465088, "passed": false}, "11": {"execution_time": 0.20799732208251953, "passed": true}, "12": {"execution_time": 0.26099181175231934, "passed": true}, "13": {"execution_time": 10.11299991607666, "passed": false}, "14": {"execution_time": 0.1980757713317871, "passed": true}}}, "check_style_score": "0/1"}