{"version": "1", "message": "ERROR: Hidden Testcases server unreachable.", "problem_id": "ads2_m4_a1_1", "user_id": "saikiranmaivemula1005", "score": {"sample": {"0": {"execution_time": 0.3160412311553955, "passed": true}, "1": {"execution_time": 0.17180132865905762, "passed": true}, "2": {"execution_time": 0.25749874114990234, "passed": true}, "3": {"execution_time": 0.26404523849487305, "passed": true}, "4": {"execution_time": 0.18854808807373047, "passed": true}, "5": {"execution_time": 0.1870417594909668, "passed": true}, "6": {"execution_time": 0.23214435577392578, "passed": true}, "7": {"execution_time": 0.24290895462036133, "passed": true}, "8": {"execution_time": 0.22356796264648438, "passed": true}, "9": {"execution_time": 0.1922438144683838, "passed": true}, "10": {"execution_time": 0.18229103088378906, "passed": true}, "11": {"execution_time": 0.20848703384399414, "passed": true}, "12": {"execution_time": 0.19899320602416992, "passed": true}, "13": {"execution_time": 0.8728983402252197, "passed": true}, "14": {"execution_time": 0.19104552268981934, "passed": true}}}, "check_style_score": "0/1"}