{"version": "1", "message": "ERROR: Hidden Testcases server unreachable.", "problem_id": "ads2_m4_a1_1", "user_id": "saikiranmaivemula1005", "score": {"sample": {"0": {"execution_time": 0.2843129634857178, "passed": true}, "1": {"execution_time": 0.4061598777770996, "passed": false}, "2": {"execution_time": 0.3726682662963867, "passed": false}, "3": {"execution_time": 0.40047240257263184, "passed": false}, "4": {"execution_time": 0.3353548049926758, "passed": false}, "5": {"execution_time": 0.2806847095489502, "passed": false}, "6": {"execution_time": 0.3055572509765625, "passed": false}, "7": {"execution_time": 0.3343791961669922, "passed": false}, "8": {"execution_time": 0.355701208114624, "passed": true}, "9": {"execution_time": 0.3874197006225586, "passed": false}, "10": {"execution_time": 0.35255980491638184, "passed": false}, "11": {"execution_time": 0.3077263832092285, "passed": false}, "12": {"execution_time": 0.3277559280395508, "passed": false}, "13": {"execution_time": 0.9992246627807617, "passed": false}, "14": {"execution_time": 0.3493978977203369, "passed": false}}}, "check_style_score": "0/1"}