{"version": "1", "message": "ERROR: Hidden Testcases server unreachable.", "problem_id": "ads2_m4_a1_1", "user_id": "saikiranmaivemula1005", "score": {"sample": {"0": {"execution_time": 0.24917197227478027, "passed": true}, "1": {"execution_time": 0.23627805709838867, "passed": true}, "2": {"execution_time": 0.2690157890319824, "passed": true}, "3": {"execution_time": 0.26590728759765625, "passed": true}, "4": {"execution_time": 0.2974247932434082, "passed": true}, "5": {"execution_time": 0.2015378475189209, "passed": true}, "6": {"execution_time": 0.21657586097717285, "passed": true}, "7": {"execution_time": 0.21308445930480957, "passed": true}, "8": {"execution_time": 0.25529980659484863, "passed": true}, "9": {"execution_time": 0.1624891757965088, "passed": true}, "10": {"execution_time": 0.22190451622009277, "passed": true}, "11": {"execution_time": 0.20942354202270508, "passed": true}, "12": {"execution_time": 0.21054720878601074, "passed": true}, "13": {"execution_time": 0.870093822479248, "passed": true}, "14": {"execution_time": 0.32128024101257324, "passed": true}}}, "check_style_score": "0/1"}