{"version": "1", "message": "ERROR: Hidden Testcases server unreachable.", "problem_id": "ads2_m4_a1_1", "user_id": "saikiranmaivemula1005", "score": {"sample": {"0": {"execution_time": 0.27261996269226074, "passed": false}, "1": {"execution_time": 0.1646122932434082, "passed": false}, "2": {"execution_time": 0.2712123394012451, "passed": false}, "3": {"execution_time": 0.18709230422973633, "passed": false}, "4": {"execution_time": 0.18505358695983887, "passed": false}, "5": {"execution_time": 0.18769478797912598, "passed": false}, "6": {"execution_time": 0.17329812049865723, "passed": false}, "7": {"execution_time": 0.20156240463256836, "passed": false}, "8": {"execution_time": 0.17275547981262207, "passed": false}, "9": {"execution_time": 0.21147513389587402, "passed": false}, "10": {"execution_time": 0.20805740356445312, "passed": false}, "11": {"execution_time": 0.19037961959838867, "passed": false}, "12": {"execution_time": 0.2126445770263672, "passed": false}, "13": {"execution_time": 0.21402931213378906, "passed": false}, "14": {"execution_time": 0.1800098419189453, "passed": false}}}, "check_style_score": "0/1"}