{"version": "1", "message": "ERROR: Hidden Testcases server unreachable.", "problem_id": "ads2_m4_a1_1", "user_id": "saikiranmaivemula1005", "score": {"sample": {"0": {"execution_time": 0.36174726486206055, "passed": true}, "1": {"execution_time": 0.3215787410736084, "passed": false}, "2": {"execution_time": 0.3393845558166504, "passed": false}, "3": {"execution_time": 0.37552642822265625, "passed": false}, "4": {"execution_time": 0.3314673900604248, "passed": false}, "5": {"execution_time": 0.302325963973999, "passed": false}, "6": {"execution_time": 0.3663442134857178, "passed": false}, "7": {"execution_time": 0.3606760501861572, "passed": false}, "8": {"execution_time": 0.5125176906585693, "passed": true}, "9": {"execution_time": 0.42343950271606445, "passed": true}, "10": {"execution_time": 0.42710375785827637, "passed": true}, "11": {"execution_time": 0.42454075813293457, "passed": false}, "12": {"execution_time": 0.44266390800476074, "passed": false}, "13": {"execution_time": 1.651747703552246, "passed": false}, "14": {"execution_time": 0.4515533447265625, "passed": true}}}, "check_style_score": "0/1"}