{"version": "1", "message": "ERROR: Hidden Testcases server unreachable.", "problem_id": "ads2_m4_a1_1", "user_id": "saikiranmaivemula1005", "score": {"sample": {"0": {"execution_time": 0.7412416934967041, "passed": false}, "1": {"execution_time": 0.478043794631958, "passed": false}, "2": {"execution_time": 0.4502277374267578, "passed": false}, "3": {"execution_time": 0.47784876823425293, "passed": false}, "4": {"execution_time": 0.326474666595459, "passed": false}, "5": {"execution_time": 0.4392051696777344, "passed": false}, "6": {"execution_time": 0.34134769439697266, "passed": false}, "7": {"execution_time": 0.3648033142089844, "passed": false}, "8": {"execution_time": 0.2700669765472412, "passed": false}, "9": {"execution_time": 0.3112204074859619, "passed": false}, "10": {"execution_time": 0.3031613826751709, "passed": false}, "11": {"execution_time": 0.2975273132324219, "passed": false}, "12": {"execution_time": 0.28133630752563477, "passed": false}, "13": {"execution_time": 0.8921496868133545, "passed": false}, "14": {"execution_time": 0.32131218910217285, "passed": false}}}, "check_style_score": "0/1"}