{"version": "1", "message": "ERROR: Hidden Testcases server unreachable.", "problem_id": "ads2_m4_a1_1", "user_id": "saikiranmaivemula1005", "score": {"sample": {"0": {"execution_time": 0.2381300926208496, "passed": true}, "1": {"execution_time": 0.24138665199279785, "passed": true}, "2": {"execution_time": 0.26274776458740234, "passed": true}, "3": {"execution_time": 0.274641752243042, "passed": true}, "4": {"execution_time": 0.1817002296447754, "passed": true}, "5": {"execution_time": 0.2305583953857422, "passed": true}, "6": {"execution_time": 0.2142791748046875, "passed": true}, "7": {"execution_time": 0.20630455017089844, "passed": true}, "8": {"execution_time": 0.22695446014404297, "passed": true}, "9": {"execution_time": 0.19865727424621582, "passed": true}, "10": {"execution_time": 0.23021364212036133, "passed": true}, "11": {"execution_time": 0.21794438362121582, "passed": true}, "12": {"execution_time": 0.17355012893676758, "passed": true}, "13": {"execution_time": 0.9216911792755127, "passed": true}, "14": {"execution_time": 0.19053006172180176, "passed": true}}}, "check_style_score": "0/1"}