{"version": "1", "message": "ERROR: Hidden Testcases server unreachable.", "problem_id": "ads2_m4_a1_1", "user_id": "saikiranmaivemula1005", "score": {"sample": {"0": {"execution_time": 0.24216604232788086, "passed": true}, "1": {"execution_time": 0.29210472106933594, "passed": true}, "2": {"execution_time": 0.23509883880615234, "passed": true}, "3": {"execution_time": 0.2895965576171875, "passed": true}, "4": {"execution_time": 0.24329614639282227, "passed": true}, "5": {"execution_time": 0.20266151428222656, "passed": true}, "6": {"execution_time": 0.21834874153137207, "passed": true}, "7": {"execution_time": 0.25899243354797363, "passed": true}, "8": {"execution_time": 0.23211312294006348, "passed": true}, "9": {"execution_time": 0.19644427299499512, "passed": true}, "10": {"execution_time": 0.18097996711730957, "passed": true}, "11": {"execution_time": 0.2540915012359619, "passed": true}, "12": {"execution_time": 0.20763635635375977, "passed": true}, "13": {"execution_time": 0.9372396469116211, "passed": true}, "14": {"execution_time": 0.18071484565734863, "passed": true}}}, "check_style_score": "0/1"}