{"version": "1", "message": "ERROR: Hidden Testcases server unreachable.", "problem_id": "ads2_m4_a1_1", "user_id": "saikiranmaivemula1005", "score": {"sample": {"0": {"execution_time": 0.21940112113952637, "passed": true}, "1": {"execution_time": 0.42136144638061523, "passed": true}, "2": {"execution_time": 0.2483806610107422, "passed": true}, "3": {"execution_time": 0.28121519088745117, "passed": true}, "4": {"execution_time": 0.21523332595825195, "passed": true}, "5": {"execution_time": 0.23986268043518066, "passed": true}, "6": {"execution_time": 0.3048207759857178, "passed": true}, "7": {"execution_time": 0.23215222358703613, "passed": true}, "8": {"execution_time": 0.21115398406982422, "passed": true}, "9": {"execution_time": 0.15713882446289062, "passed": true}, "10": {"execution_time": 0.2701115608215332, "passed": true}, "11": {"execution_time": 0.20866894721984863, "passed": true}, "12": {"execution_time": 0.18759775161743164, "passed": true}, "13": {"execution_time": 1.0856132507324219, "passed": true}, "14": {"execution_time": 0.2191617488861084, "passed": true}}}, "check_style_score": "0/1"}