{"version": "1", "message": "ERROR: Hidden Testcases server unreachable.", "problem_id": "ads2_m4_a1_1", "user_id": "saikiranmaivemula1005", "score": {"sample": {"0": {"execution_time": 0.21910476684570312, "passed": true}, "1": {"execution_time": 0.21389508247375488, "passed": true}, "2": {"execution_time": 0.3498244285583496, "passed": true}, "3": {"execution_time": 0.3285233974456787, "passed": true}, "4": {"execution_time": 0.1874241828918457, "passed": true}, "5": {"execution_time": 0.26148366928100586, "passed": true}, "6": {"execution_time": 0.21544814109802246, "passed": true}, "7": {"execution_time": 0.22715020179748535, "passed": true}, "8": {"execution_time": 0.22887039184570312, "passed": true}, "9": {"execution_time": 0.18820500373840332, "passed": true}, "10": {"execution_time": 0.21077823638916016, "passed": true}, "11": {"execution_time": 0.1915435791015625, "passed": true}, "12": {"execution_time": 0.21735405921936035, "passed": true}, "13": {"execution_time": 0.9562206268310547, "passed": true}, "14": {"execution_time": 0.19646406173706055, "passed": true}}}, "check_style_score": "0/1"}