{"version": "1", "message": "ERROR: Hidden Testcases server unreachable.", "problem_id": "ads2_m4_a1_1", "user_id": "saikiranmaivemula1005", "score": {"sample": {"0": {"execution_time": 0.4291198253631592, "passed": true}, "1": {"execution_time": 0.4279801845550537, "passed": true}, "2": {"execution_time": 0.40033388137817383, "passed": true}, "3": {"execution_time": 0.48729801177978516, "passed": true}, "4": {"execution_time": 0.335526704788208, "passed": true}, "5": {"execution_time": 0.4034605026245117, "passed": true}, "6": {"execution_time": 0.3428914546966553, "passed": true}, "7": {"execution_time": 0.33214521408081055, "passed": true}, "8": {"execution_time": 0.5490977764129639, "passed": true}, "9": {"execution_time": 0.4664790630340576, "passed": false}, "10": {"execution_time": 0.4910585880279541, "passed": false}, "11": {"execution_time": 0.47467517852783203, "passed": true}, "12": {"execution_time": 0.4488105773925781, "passed": true}, "13": {"execution_time": 10.153181076049805, "passed": false}, "14": {"execution_time": 0.42418694496154785, "passed": true}}}, "check_style_score": "0/1"}