{"version": "1", "message": "ERROR: Hidden Testcases server unreachable.", "problem_id": "ads2_m4_a1_1", "user_id": "saikiranmaivemula1005", "score": {"sample": {"0": {"execution_time": 0.20910024642944336, "passed": true}, "1": {"execution_time": 0.22838473320007324, "passed": true}, "2": {"execution_time": 0.2867882251739502, "passed": true}, "3": {"execution_time": 0.23912596702575684, "passed": true}, "4": {"execution_time": 0.20141863822937012, "passed": true}, "5": {"execution_time": 0.18624663352966309, "passed": true}, "6": {"execution_time": 0.2306985855102539, "passed": true}, "7": {"execution_time": 0.21764516830444336, "passed": true}, "8": {"execution_time": 0.285660982131958, "passed": true}, "9": {"execution_time": 0.19079256057739258, "passed": true}, "10": {"execution_time": 0.21547484397888184, "passed": true}, "11": {"execution_time": 0.17142844200134277, "passed": true}, "12": {"execution_time": 0.1675398349761963, "passed": true}, "13": {"execution_time": 0.8289210796356201, "passed": true}, "14": {"execution_time": 0.18342089653015137, "passed": true}}}, "check_style_score": "0/1"}