{"version": "1", "message": "ERROR: Hidden Testcases server unreachable.", "problem_id": "ads2_m4_a1_1", "user_id": "saikiranmaivemula1005", "score": {"sample": {"0": {"execution_time": 0.36905860900878906, "passed": true}, "1": {"execution_time": 0.39411091804504395, "passed": true}, "2": {"execution_time": 0.41887998580932617, "passed": true}, "3": {"execution_time": 0.48229503631591797, "passed": true}, "4": {"execution_time": 0.28454136848449707, "passed": true}, "5": {"execution_time": 0.3027660846710205, "passed": true}, "6": {"execution_time": 0.29999327659606934, "passed": true}, "7": {"execution_time": 0.40807032585144043, "passed": true}, "8": {"execution_time": 0.38136839866638184, "passed": true}, "9": {"execution_time": 0.3959813117980957, "passed": false}, "10": {"execution_time": 0.36845898628234863, "passed": false}, "11": {"execution_time": 0.30823540687561035, "passed": true}, "12": {"execution_time": 0.3538541793823242, "passed": true}, "13": {"execution_time": 10.086757898330688, "passed": false}, "14": {"execution_time": 0.26612138748168945, "passed": false}}}, "check_style_score": "0/1"}