{"version": "1", "message": "ERROR: Hidden Testcases server unreachable.", "problem_id": "ads2_m16_a1_1", "user_id": "prathyushab14", "score": {"sample": {"0": {"execution_time": 0.5033562183380127, "passed": true}, "1": {"execution_time": 0.27172279357910156, "passed": true}, "2": {"execution_time": 0.6296741962432861, "passed": true}, "3": {"execution_time": 0.5414416790008545, "passed": true}, "4": {"execution_time": 0.4996180534362793, "passed": true}, "5": {"execution_time": 0.5564794540405273, "passed": true}, "6": {"execution_time": 0.5725235939025879, "passed": true}, "7": {"execution_time": 0.5395069122314453, "passed": true}, "8": {"execution_time": 0.44117212295532227, "passed": true}, "9": {"execution_time": 0.5193822383880615, "passed": true}, "10": {"execution_time": 0.5253973007202148, "passed": true}, "11": {"execution_time": 3.6771955490112305, "passed": true}, "12": {"execution_time": 0.5935778617858887, "passed": true}, "13": {"execution_time": 0.28185009956359863, "passed": true}, "14": {"execution_time": 0.5039050579071045, "passed": true}, "15": {"execution_time": 0.5239181518554688, "passed": true}, "16": {"execution_time": 0.32515549659729004, "passed": true}, "17": {"execution_time": 0.2777395248413086, "passed": true}, "18": {"execution_time": 0.2737293243408203, "passed": true}, "19": {"execution_time": 0.30681610107421875, "passed": true}, "20": {"execution_time": 0.31684231758117676, "passed": true}, "21": {"execution_time": 0.28575897216796875, "passed": true}, "22": {"execution_time": 0.3248636722564697, "passed": true}, "23": {"execution_time": 0.2917771339416504, "passed": true}, "24": {"execution_time": 0.21958589553833008, "passed": true}, "25": {"execution_time": 0.7560110092163086, "passed": true}, "26": {"execution_time": 0.6517348289489746, "passed": true}, "27": {"execution_time": 0.8051407337188721, "passed": true}, "28": {"execution_time": 1.1719646453857422, "passed": true}, "29": {"execution_time": 0.4310164451599121, "passed": true}}}, "check_style_score": "1/1"}