{"version": "1", "message": "ERROR: Hidden Testcases server unreachable.", "problem_id": "ads2_m16_a1_1", "user_id": "pranay0124@msitprogram.net", "score": {"sample": {"0": {"execution_time": 0.5713589191436768, "passed": true}, "1": {"execution_time": 0.5326776504516602, "passed": true}, "2": {"execution_time": 1.0412204265594482, "passed": true}, "3": {"execution_time": 1.079193115234375, "passed": true}, "4": {"execution_time": 0.9799115657806396, "passed": true}, "5": {"execution_time": 1.0661907196044922, "passed": true}, "6": {"execution_time": 1.2124197483062744, "passed": true}, "7": {"execution_time": 1.1358771324157715, "passed": true}, "8": {"execution_time": 0.6367192268371582, "passed": true}, "9": {"execution_time": 1.0241193771362305, "passed": true}, "10": {"execution_time": 1.0042760372161865, "passed": true}, "11": {"execution_time": 5.353770971298218, "passed": true}, "12": {"execution_time": 1.0910916328430176, "passed": true}, "13": {"execution_time": 0.4986541271209717, "passed": true}, "14": {"execution_time": 0.9854550361633301, "passed": true}, "15": {"execution_time": 1.0492374897003174, "passed": true}, "16": {"execution_time": 0.64634108543396, "passed": true}, "17": {"execution_time": 0.6242749691009521, "passed": true}, "18": {"execution_time": 0.6272599697113037, "passed": true}, "19": {"execution_time": 0.6561651229858398, "passed": true}, "20": {"execution_time": 0.7072234153747559, "passed": true}, "21": {"execution_time": 0.5868926048278809, "passed": true}, "22": {"execution_time": 0.6401994228363037, "passed": true}, "23": {"execution_time": 0.6245131492614746, "passed": true}, "24": {"execution_time": 0.4658396244049072, "passed": true}, "25": {"execution_time": 1.2317938804626465, "passed": true}, "26": {"execution_time": 1.0907955169677734, "passed": true}, "27": {"execution_time": 1.4131336212158203, "passed": true}, "28": {"execution_time": 1.752720832824707, "passed": true}, "29": {"execution_time": 0.4766252040863037, "passed": true}}}, "check_style_score": "1/1"}