{"version": "1", "message": "ERROR: Hidden Testcases server unreachable.", "problem_id": "ads2_m16_a1_1", "user_id": "saikiranmaivemula1005", "score": {"sample": {"0": {"execution_time": 0.263195276260376, "passed": false}, "1": {"execution_time": 0.28467607498168945, "passed": false}, "2": {"execution_time": 0.5004298686981201, "passed": false}, "3": {"execution_time": 0.601384162902832, "passed": false}, "4": {"execution_time": 0.4835655689239502, "passed": false}, "5": {"execution_time": 0.5328867435455322, "passed": false}, "6": {"execution_time": 0.530693531036377, "passed": false}, "7": {"execution_time": 0.5778992176055908, "passed": false}, "8": {"execution_time": 0.3567633628845215, "passed": false}, "9": {"execution_time": 0.5593423843383789, "passed": false}, "10": {"execution_time": 0.6277315616607666, "passed": false}, "11": {"execution_time": 0.20537447929382324, "passed": false}, "12": {"execution_time": 0.5285525321960449, "passed": false}, "13": {"execution_time": 0.23538899421691895, "passed": true}, "14": {"execution_time": 0.5064482688903809, "passed": false}, "15": {"execution_time": 0.5547337532043457, "passed": false}, "16": {"execution_time": 0.38979244232177734, "passed": false}, "17": {"execution_time": 0.31632208824157715, "passed": false}, "18": {"execution_time": 0.28619813919067383, "passed": false}, "19": {"execution_time": 0.4126455783843994, "passed": false}, "20": {"execution_time": 0.2532234191894531, "passed": false}, "21": {"execution_time": 0.2800869941711426, "passed": false}, "22": {"execution_time": 0.26648879051208496, "passed": false}, "23": {"execution_time": 0.31291961669921875, "passed": false}, "24": {"execution_time": 0.18312430381774902, "passed": true}, "25": {"execution_time": 0.5184705257415771, "passed": false}, "26": {"execution_time": 0.45175790786743164, "passed": false}, "27": {"execution_time": 0.5351612567901611, "passed": false}, "28": {"execution_time": 0.8402590751647949, "passed": false}, "29": {"execution_time": 0.21260499954223633, "passed": true}}}, "check_style_score": "0/1"}