{"version": "1", "message": "ERROR: Hidden Testcases server unreachable.", "problem_id": "ads2_m16_a1_1", "user_id": "saikiranmaivemula1005", "score": {"sample": {"0": {"execution_time": 0.27322983741760254, "passed": false}, "1": {"execution_time": 0.29810333251953125, "passed": false}, "2": {"execution_time": 0.622572660446167, "passed": false}, "3": {"execution_time": 0.5416028499603271, "passed": false}, "4": {"execution_time": 0.48557376861572266, "passed": false}, "5": {"execution_time": 0.550565242767334, "passed": false}, "6": {"execution_time": 0.5295679569244385, "passed": false}, "7": {"execution_time": 0.6226050853729248, "passed": false}, "8": {"execution_time": 0.3012723922729492, "passed": false}, "9": {"execution_time": 0.5332868099212646, "passed": false}, "10": {"execution_time": 0.6104080677032471, "passed": false}, "11": {"execution_time": 0.2856879234313965, "passed": false}, "12": {"execution_time": 0.5114004611968994, "passed": false}, "13": {"execution_time": 0.19553828239440918, "passed": true}, "14": {"execution_time": 0.6109166145324707, "passed": false}, "15": {"execution_time": 0.5562887191772461, "passed": false}, "16": {"execution_time": 0.3031296730041504, "passed": false}, "17": {"execution_time": 0.2622549533843994, "passed": false}, "18": {"execution_time": 0.3073151111602783, "passed": false}, "19": {"execution_time": 0.2682058811187744, "passed": false}, "20": {"execution_time": 0.2895700931549072, "passed": false}, "21": {"execution_time": 0.29836535453796387, "passed": false}, "22": {"execution_time": 0.26497745513916016, "passed": false}, "23": {"execution_time": 0.30844664573669434, "passed": false}, "24": {"execution_time": 0.2399749755859375, "passed": true}, "25": {"execution_time": 0.5026004314422607, "passed": false}, "26": {"execution_time": 0.45514345169067383, "passed": false}, "27": {"execution_time": 0.5079684257507324, "passed": false}, "28": {"execution_time": 0.8921957015991211, "passed": false}, "29": {"execution_time": 0.2393035888671875, "passed": false}}}, "check_style_score": "0/1"}