{"version": "1", "message": "ERROR: Hidden Testcases server unreachable.", "problem_id": "ads2_m16_a1_1", "user_id": "saikiranmaivemula1005", "score": {"sample": {"0": {"execution_time": 1.1125950813293457, "passed": false}, "1": {"execution_time": 0.3078756332397461, "passed": false}, "2": {"execution_time": 0.5221331119537354, "passed": false}, "3": {"execution_time": 0.4374082088470459, "passed": false}, "4": {"execution_time": 0.4154183864593506, "passed": false}, "5": {"execution_time": 0.459775447845459, "passed": false}, "6": {"execution_time": 0.39184141159057617, "passed": false}, "7": {"execution_time": 0.4162778854370117, "passed": false}, "8": {"execution_time": 0.34665679931640625, "passed": false}, "9": {"execution_time": 0.441760778427124, "passed": false}, "10": {"execution_time": 0.4107704162597656, "passed": false}, "11": {"execution_time": 0.2978794574737549, "passed": false}, "12": {"execution_time": 0.37685441970825195, "passed": false}, "13": {"execution_time": 0.2855033874511719, "passed": true}, "14": {"execution_time": 0.3561432361602783, "passed": false}, "15": {"execution_time": 0.3609631061553955, "passed": false}, "16": {"execution_time": 0.3518085479736328, "passed": false}, "17": {"execution_time": 0.28148818016052246, "passed": false}, "18": {"execution_time": 0.28575778007507324, "passed": false}, "19": {"execution_time": 0.25926971435546875, "passed": false}, "20": {"execution_time": 0.2893953323364258, "passed": false}, "21": {"execution_time": 0.32383275032043457, "passed": false}, "22": {"execution_time": 0.34969663619995117, "passed": false}, "23": {"execution_time": 0.6094198226928711, "passed": false}, "24": {"execution_time": 0.2731654644012451, "passed": true}, "25": {"execution_time": 0.41686367988586426, "passed": false}, "26": {"execution_time": 0.41626620292663574, "passed": false}, "27": {"execution_time": 0.4215552806854248, "passed": false}, "28": {"execution_time": 0.5823681354522705, "passed": false}, "29": {"execution_time": 0.35591983795166016, "passed": false}}}, "check_style_score": "0/1"}